sequence_id	detector	detector_version	detector_label	bgc_candidate_id	nucl_start	nucl_end	nucl_length	num_proteins	num_domains	num_bio_domains	deepbgc_score	product_activity	antibacterial	cytotoxic	inhibitor	antifungal	product_class	Alkaloid	NRP	Other	Polyketide	RiPP	Saccharide	Terpene	protein_ids	bio_pfam_ids	pfam_ids
2	deepbgc	0.1.0	deepbgc	2_207840-217384.1	207840	217384	9544	8	24	5	0.62635		0.20	0.36	0.14	0.06	Terpene	0.08	0.07	0.17	0.13	0.03	0.32	0.52	2_2_182;2_2_183;2_2_184;2_2_185;2_2_186;2_2_187;2_2_188;2_2_189	PF00501;PF01593;PF01636;PF01266;PF01494	PF01636;PF01633;PF12799;PF13855;PF04149;PF00501;PF14535;PF01593;PF13450;PF12831;PF00890;PF01946;PF01266;PF07992;PF01134;PF03486;PF00070;PF01494;PF13424;PF13374;PF00069;PF07714;PF01636;PF02733
2	deepbgc	0.1.0	deepbgc	2_218090-219786.1	218090	219786	1696	2	2	1	0.51641	antibacterial	0.87	0.07	0.15	0.23		0.00	0.07	0.08	0.32	0.18	0.11	0.31	2_2_191;2_2_192	PF04932	PF00293;PF04932
2	deepbgc	0.1.0	deepbgc	2_221467-222652.1	221467	222652	1185	1	5	1	0.50263	antibacterial	0.80	0.05	0.20	0.23	Saccharide	0.00	0.05	0.01	0.08	0.05	0.75	0.06	2_2_195	PF00535	PF13641;PF00535;PF13704;PF13506;PF13632
2	deepbgc	0.1.0	deepbgc	2_225006-226925.1	225006	226925	1919	2	2	1	0.51598	antibacterial	0.83	0.06	0.17	0.30		0.00	0.11	0.08	0.32	0.20	0.03	0.31	2_2_198;2_2_199	PF00171	PF05610;PF00171
2	deepbgc	0.1.0	deepbgc	2_297931-307503.1	297931	307503	9572	3	21	9	0.61727		0.32	0.36	0.20	0.24	Polyketide	0.00	0.35	0.05	0.79	0.02	0.00	0.12	2_2_267;2_2_268;2_2_269	PF00501;PF00109;PF00108;PF01266;PF02801;PF08659;PF00975;PF00698;PF00106	PF00501;PF13193;PF00109;PF00108;PF02801;PF16197;PF00698;PF14765;PF08659;PF00106;PF00550;PF00975;PF01894;PF06100;PF01946;PF07992;PF01266;PF13738;PF00743;PF13450;PF13434
2	deepbgc	0.1.0	deepbgc	2_354264-355737.1	354264	355737	1473	1	2	1	0.53001	antibacterial	0.92	0.01	0.04	0.07	Polyketide	0.00	0.23	0.23	0.54	0.00	0.00	0.00	2_2_308	PF00501	PF00501;PF13193
2	deepbgc	0.1.0	deepbgc	2_357146-358220.1	357146	358220	1074	1	1	0	0.57865	antibacterial	0.85	0.08	0.17	0.27		0.00	0.11	0.07	0.34	0.20	0.03	0.31	2_2_310		PF00296
2	deepbgc	0.1.0	deepbgc	2_358944-360069.1	358944	360069	1125	1	1	0	0.54292	antibacterial	0.87	0.06	0.17	0.26		0.00	0.09	0.07	0.34	0.20	0.03	0.32	2_2_312		PF07730
2	deepbgc	0.1.0	deepbgc	2_369970-374082.1	369970	374082	4112	4	9	2	0.62578		0.45	0.27	0.16	0.06		0.01	0.00	0.28	0.08	0.25	0.00	0.39	2_2_321;2_2_322;2_2_323;2_2_324	PF08242;PF08241	PF03098;PF01292;PF00174;PF13489;PF13649;PF08241;PF07021;PF13847;PF08242
2	deepbgc	0.1.0	deepbgc	2_386233-387433.1	386233	387433	1200	1	3	3	0.51845	antibacterial	0.60	0.05	0.20	0.33	Polyketide	0.00	0.39	0.12	0.67	0.06	0.01	0.09	2_2_338	PF02803;PF00109;PF00108	PF00108;PF00109;PF02803
2	deepbgc	0.1.0	deepbgc	2_395270-430515.1	395270	430515	35245	36	65	6	0.95087		0.43	0.47	0.17	0.12		0.01	0.35	0.26	0.13	0.26	0.00	0.02	2_2_344;2_2_345;2_2_346;2_2_347;2_2_348;2_2_349;2_2_350;2_2_351;2_2_352;2_2_353;2_2_354;2_2_355;2_2_356;2_2_357;2_2_358;2_2_359;2_2_360;2_2_361;2_2_362;2_2_363;2_2_364;2_2_365;2_2_366;2_2_367;2_2_368;2_2_369;2_2_370;2_2_371;2_2_372;2_2_373;2_2_374;2_2_375;2_2_376;2_2_377;2_2_378;2_2_379	PF00501;PF00561;PF00202;PF08241;PF00171;PF08242	PF13424;PF03848;PF07021;PF06325;PF05724;PF13489;PF01209;PF05175;PF07942;PF05401;PF13847;PF13649;PF08241;PF08242;PF00251;PF00251;PF13581;PF13360;PF07729;PF00392;PF13545;PF01978;PF12840;PF08279;PF13412;PF01613;PF07366;PF12680;PF14534;PF02028;PF06684;PF06684;PF12146;PF00561;PF12697;PF00171;PF01361;PF14552;PF00296;PF01569;PF14378;PF00202;PF00795;PF03328;PF00392;PF07729;PF00005;PF08352;PF02463;PF13304;PF02633;PF00528;PF12911;PF00528;PF00496;PF04672;PF13193;PF00501;PF04672;PF04149;PF13560;PF01381;PF13413;PF13581;PF04616
2	deepbgc	0.1.0	deepbgc	2_441646-473241.1	441646	473241	31595	31	85	18	0.66243		0.40	0.29	0.27	0.13	Polyketide	0.01	0.35	0.14	0.54	0.04	0.04	0.04	2_2_389;2_2_390;2_2_391;2_2_392;2_2_393;2_2_394;2_2_395;2_2_396;2_2_397;2_2_398;2_2_399;2_2_400;2_2_401;2_2_402;2_2_403;2_2_404;2_2_405;2_2_406;2_2_407;2_2_408;2_2_409;2_2_410;2_2_411;2_2_412;2_2_413;2_2_414;2_2_415;2_2_416;2_2_417;2_2_418;2_2_419	PF00501;PF08028;PF00109;PF00903;PF01370;PF00108;PF01636;PF02771;PF02737;PF00725;PF00107;PF08659;PF00378;PF02770;PF02803;PF08240;PF00441;PF00106	PF03480;PF01261;PF14696;PF00903;PF13669;PF16912;PF00107;PF08240;PF00528;PF00004;PF13304;PF13401;PF00005;PF13191;PF03193;PF13379;PF09084;PF04069;PF13561;PF00106;PF08659;PF01370;PF00378;PF16113;PF02803;PF00108;PF00109;PF13602;PF00107;PF08240;PF01636;PF00378;PF16113;PF13193;PF00501;PF00501;PF13193;PF02771;PF02770;PF11794;PF00441;PF08028;PF13468;PF13669;PF13577;PF13474;PF14534;PF07366;PF12680;PF13561;PF00106;PF08659;PF02310;PF13460;PF01642;PF06368;PF03308;PF01656;PF02492;PF13401;PF01935;PF03029;PF07693;PF13604;PF03266;PF13191;PF00005;PF13238;PF13555;PF00378;PF16113;PF01144;PF01144;PF00106;PF08659;PF13561;PF02771;PF02770;PF00441;PF08028;PF02737;PF00725;PF00378;PF16113;PF01636
2	deepbgc	0.1.0	deepbgc	2_522081-532247.1	522081	532247	10166	9	24	3	0.77411		0.20	0.39	0.20	0.06		0.04	0.03	0.47	0.05	0.15	0.00	0.26	2_2_469;2_2_470;2_2_471;2_2_472;2_2_473;2_2_474;2_2_475;2_2_476;2_2_477	PF08242;PF01636;PF08241	PF02353;PF05175;PF01135;PF01209;PF01728;PF13489;PF13847;PF09445;PF08241;PF08242;PF13649;PF09423;PF16655;PF10518;PF12079;PF00069;PF07714;PF14531;PF01636;PF04264;PF04978;PF05163;PF12867;PF06224
2	deepbgc	0.1.0	deepbgc	2_694597-750582.1	694597	750582	55985	43	110	23	0.90368		0.43	0.33	0.19	0.30	NRP-Polyketide	0.01	0.56	0.14	0.60	0.00	0.06	0.03	2_2_615;2_2_616;2_2_617;2_2_618;2_2_619;2_2_620;2_2_621;2_2_622;2_2_623;2_2_624;2_2_625;2_2_626;2_2_627;2_2_628;2_2_629;2_2_630;2_2_631;2_2_632;2_2_633;2_2_634;2_2_635;2_2_636;2_2_637;2_2_638;2_2_639;2_2_640;2_2_641;2_2_642;2_2_643;2_2_644;2_2_645;2_2_646;2_2_647;2_2_648;2_2_649;2_2_650;2_2_651;2_2_652;2_2_653;2_2_654;2_2_655;2_2_656;2_2_657	PF00108;PF00668;PF08659;PF08541;PF00501;PF02801;PF01408;PF08028;PF00725;PF02737;PF00561;PF00106;PF00441;PF02894;PF00109;PF01370;PF02771;PF00535;PF00975;PF02770;PF08241;PF04183;PF08242	PF12697;PF00975;PF00550;PF05401;PF13489;PF05175;PF08241;PF08242;PF13649;PF00501;PF00668;PF13193;PF00668;PF00550;PF16197;PF02801;PF00109;PF00108;PF00550;PF13193;PF00501;PF00725;PF02737;PF03807;PF03446;PF13480;PF00441;PF08028;PF02770;PF02771;PF00550;PF08541;PF00753;PF12706;PF02627;PF14833;PF03446;PF02826;PF03807;PF02627;PF12852;PF00190;PF07883;PF02311;PF11142;PF05899;PF14833;PF03446;PF02826;PF03807;PF13561;PF00106;PF08659;PF01370;PF00753;PF12706;PF07690;PF00083;PF09339;PF01978;PF01614;PF00291;PF08291;PF01471;PF12840;PF12802;PF09339;PF01022;PF10518;PF00756;PF00135;PF00561;PF00326;PF10503;PF00278;PF02784;PF01168;PF06276;PF04183;PF06276;PF04183;PF13535;PF02655;PF11575;PF13378;PF02746;PF02894;PF01408;PF01522;PF13641;PF00535;PF10111;PF13704;PF13506;PF03142;PF13632;PF03816;PF10025;PF13532;PF10604;PF03358;PF02525;PF00296;PF04679;PF01068;PF01896;PF10041;PF04227;PF12158;PF10099
2	deepbgc	0.1.0	deepbgc	2_765422-766244.1	765422	766244	822	1	1	0	0.56808	antibacterial	0.82	0.12	0.17	0.24		0.00	0.09	0.07	0.33	0.21	0.03	0.32	2_2_670		PF04672
2	deepbgc	0.1.0	deepbgc	2_768780-796232.1	768780	796232	27452	24	59	14	0.90549		0.39	0.27	0.15	0.02		0.02	0.13	0.21	0.07	0.09	0.08	0.42	2_2_672;2_2_673;2_2_674;2_2_675;2_2_676;2_2_677;2_2_678;2_2_679;2_2_680;2_2_681;2_2_682;2_2_683;2_2_684;2_2_685;2_2_686;2_2_687;2_2_688;2_2_689;2_2_690;2_2_691;2_2_692;2_2_693;2_2_694;2_2_695	PF00494;PF01593;PF02771;PF00348;PF00432;PF01266;PF00561;PF01494;PF00202;PF00535;PF02770;PF04055;PF08028;PF00441	PF00456;PF02775;PF02779;PF02780;PF12697;PF12146;PF00561;PF02771;PF02770;PF00441;PF08028;PF01590;PF13185;PF03029;PF00009;PF05331;PF03259;PF02518;PF13350;PF00202;PF02780;PF02779;PF13292;PF02775;PF00676;PF11946;PF04055;PF13353;PF13394;PF01048;PF13243;PF00432;PF13249;PF00348;PF01593;PF01266;PF13450;PF12831;PF01946;PF00890;PF00070;PF03486;PF05834;PF01494;PF07992;PF01134;PF00494;PF00494;PF13305;PF00440;PF03176;PF00873;PF00005;PF13304;PF13555;PF01061;PF13641;PF13632;PF00535
2	deepbgc	0.1.0	deepbgc	2_800978-801974.1	800978	801974	996	1	9	5	0.55865	antibacterial	0.62	0.16	0.19	0.31	Polyketide	0.01	0.07	0.18	0.58	0.01	0.20	0.00	2_2_700	PF01370;PF04321;PF02719;PF07993;PF08659	PF04321;PF08659;PF01370;PF16363;PF01073;PF02719;PF05368;PF13460;PF07993
2	deepbgc	0.1.0	deepbgc	2_824448-825273.1	824448	825273	825	1	1	0	0.50855	antibacterial	0.87	0.06	0.17	0.26		0.00	0.09	0.07	0.33	0.21	0.03	0.32	2_2_721		PF09995
2	deepbgc	0.1.0	deepbgc	2_829000-845694.1	829000	845694	16694	16	30	14	0.76843		0.32	0.25	0.34	0.09	Polyketide	0.01	0.17	0.22	0.66	0.02	0.03	0.05	2_2_724;2_2_725;2_2_726;2_2_727;2_2_728;2_2_729;2_2_730;2_2_731;2_2_732;2_2_733;2_2_734;2_2_735;2_2_736;2_2_737;2_2_738;2_2_739	PF00109;PF00108;PF02771;PF01370;PF00583;PF01553;PF00106;PF08659;PF02770;PF08241;PF02803;PF08242;PF08028;PF00441	PF02803;PF00108;PF00109;PF00441;PF08028;PF02770;PF02771;PF14749;PF02515;PF05724;PF08241;PF08242;PF13649;PF04237;PF13469;PF04493;PF00797;PF13530;PF13527;PF08445;PF00583;PF00106;PF01370;PF08659;PF13561;PF14870;PF01553;PF13444;PF02566;PF04616
2	deepbgc	0.1.0	deepbgc	2_850434-853372.1	850434	853372	2938	2	9	1	0.50750	antibacterial	0.50	0.26	0.19	0.20	Polyketide	0.02	0.01	0.18	0.57	0.05	0.06	0.17	2_2_743;2_2_744	PF01494	PF12831;PF01494;PF13450;PF07992;PF00890;PF01134;PF13377;PF00532;PF00356
2	deepbgc	0.1.0	deepbgc	2_854493-896321.1	854493	896321	41828	37	99	19	0.90866	antibacterial-cytotoxic	0.50	0.66	0.23	0.14	Polyketide	0.04	0.11	0.04	0.83	0.00	0.09	0.03	2_2_746;2_2_747;2_2_748;2_2_749;2_2_750;2_2_751;2_2_752;2_2_753;2_2_754;2_2_755;2_2_756;2_2_757;2_2_758;2_2_759;2_2_760;2_2_761;2_2_762;2_2_763;2_2_764;2_2_765;2_2_766;2_2_767;2_2_768;2_2_769;2_2_770;2_2_771;2_2_772;2_2_773;2_2_774;2_2_775;2_2_776;2_2_777;2_2_778;2_2_779;2_2_780;2_2_781;2_2_782	PF00108;PF00067;PF02785;PF08659;PF03992;PF01266;PF02801;PF02719;PF02786;PF01050;PF00289;PF00106;PF00109;PF01370;PF03364;PF00891;PF04820;PF08241;PF08242	PF02775;PF00205;PF02776;PF00990;PF03372;PF05139;PF07992;PF01266;PF04820;PF00070;PF00486;PF03704;PF10027;PF13796;PF07730;PF00072;PF04545;PF08281;PF00196;PF13936;PF00462;PF13522;PF13537;PF12481;PF00733;PF08592;PF00891;PF13489;PF08241;PF08242;PF13649;PF16864;PF00067;PF04673;PF07883;PF00190;PF01050;PF02311;PF05899;PF12852;PF00109;PF00108;PF02801;PF00109;PF02801;PF00550;PF10604;PF03364;PF00106;PF08659;PF01370;PF02719;PF13460;PF13561;PF03992;PF03992;PF05025;PF00005;PF13555;PF13304;PF02653;PF13407;PF00532;PF13377;PF01839;PF13517;PF05175;PF01135;PF07021;PF13489;PF03848;PF01209;PF13847;PF13649;PF08241;PF08242;PF04993;PF04237;PF04978;PF12867;PF05163;PF08281;PF04542;PF03795;PF13515;PF00289;PF15632;PF02786;PF02222;PF07478;PF02655;PF02785;PF00682;PF02436;PF00364;PF13533;PF13375;PF11716;PF01642
2	deepbgc	0.1.0	deepbgc	2_927516-927723.1	927516	927723	207	1	1	0	0.54900	antibacterial	0.87	0.09	0.17	0.29		0.00	0.09	0.07	0.33	0.21	0.03	0.32	2_2_808		PF04149
2	deepbgc	0.1.0	deepbgc	2_930159-932174.1	930159	932174	2015	2	10	2	0.53514	antibacterial	0.56	0.14	0.23	0.11	RiPP	0.06	0.07	0.08	0.16	0.52	0.04	0.12	2_2_811;2_2_812	PF01266;PF01494	PF01494;PF08491;PF12831;PF13450;PF01266;PF13304;PF00005;PF13671;PF13604;PF13555
2	deepbgc	0.1.0	deepbgc	2_943052-947198.1	943052	947198	4146	2	9	5	0.65906		0.36	0.08	0.47	0.23	NRP	0.00	0.60	0.16	0.25	0.00	0.02	0.03	2_2_821;2_2_822	PF00501;PF01370;PF07993;PF08659;PF00248	PF00248;PF07993;PF01370;PF16363;PF01073;PF13460;PF08659;PF00550;PF00501
2	deepbgc	0.1.0	deepbgc	2_950005-987803.1	950005	987803	37798	34	76	8	0.70080		0.28	0.35	0.27	0.13		0.01	0.17	0.39	0.18	0.26	0.03	0.01	2_2_825;2_2_826;2_2_827;2_2_828;2_2_829;2_2_830;2_2_831;2_2_832;2_2_833;2_2_834;2_2_835;2_2_836;2_2_837;2_2_838;2_2_839;2_2_840;2_2_841;2_2_842;2_2_843;2_2_844;2_2_845;2_2_846;2_2_847;2_2_848;2_2_849;2_2_850;2_2_851;2_2_852;2_2_853;2_2_854;2_2_855;2_2_856;2_2_857;2_2_858	PF00501;PF00583;PF00248;PF05147;PF08241;PF02585;PF08242;PF01039	PF13193;PF00501;PF15632;PF14397;PF08443;PF02655;PF14398;PF02955;PF00248;PF13480;PF04339;PF03029;PF00009;PF00071;PF08477;PF05331;PF12802;PF09339;PF03259;PF02518;PF00069;PF05147;PF13302;PF00583;PF13463;PF12802;PF01047;PF13545;PF13489;PF13847;PF13649;PF08241;PF08242;PF01209;PF05148;PF14534;PF12680;PF03591;PF05437;PF14559;PF13432;PF13424;PF00931;PF05729;PF13401;PF13191;PF03704;PF00486;PF12680;PF13577;PF12680;PF13474;PF07366;PF07729;PF02082;PF00392;PF01325;PF13545;PF08279;PF12802;PF09339;PF07158;PF03553;PF03600;PF00501;PF13193;PF01039;PF03255;PF06452;PF02585;PF14518;PF05721;PF00356;PF00532;PF13407;PF13377
2	deepbgc	0.1.0	deepbgc	2_988611-1052604.1	988611	1052604	63993	60	138	11	0.80461		0.46	0.32	0.17	0.15		0.06	0.20	0.20	0.25	0.14	0.17	0.01	2_2_860;2_2_861;2_2_862;2_2_863;2_2_864;2_2_865;2_2_866;2_2_867;2_2_868;2_2_869;2_2_870;2_2_871;2_2_872;2_2_873;2_2_874;2_2_875;2_2_876;2_2_877;2_2_878;2_2_879;2_2_880;2_2_881;2_2_882;2_2_883;2_2_884;2_2_885;2_2_886;2_2_887;2_2_888;2_2_889;2_2_890;2_2_891;2_2_892;2_2_893;2_2_894;2_2_895;2_2_896;2_2_897;2_2_898;2_2_899;2_2_900;2_2_901;2_2_902;2_2_903;2_2_904;2_2_905;2_2_906;2_2_907;2_2_908;2_2_909;2_2_910;2_2_911;2_2_912;2_2_913;2_2_914;2_2_915;2_2_916;2_2_917;2_2_918;2_2_919	PF01636;PF00903;PF01370;PF04321;PF02719;PF01243;PF00561;PF08659;PF00378;PF00171;PF00106	PF01978;PF13545;PF03428;PF12840;PF04703;PF12802;PF09339;PF01022;PF13412;PF00165;PF12833;PF05630;PF03704;PF13191;PF00004;PF00069;PF07714;PF01636;PF13463;PF12802;PF01047;PF01978;PF12840;PF01022;PF12697;PF00561;PF12146;PF07080;PF12680;PF14534;PF00440;PF08768;PF13581;PF07228;PF13492;PF13185;PF01590;PF08448;PF12860;PF13426;PF00989;PF00544;PF13229;PF01384;PF01243;PF02463;PF13191;PF00005;PF13555;PF13175;PF13514;PF13304;PF09818;PF13476;PF01032;PF01032;PF01497;PF12833;PF00165;PF02311;PF00903;PF13669;PF00165;PF12833;PF09339;PF13412;PF01614;PF04444;PF00775;PF07681;PF13564;PF01979;PF07969;PF02515;PF00285;PF00753;PF12706;PF01804;PF00171;PF13378;PF02746;PF07729;PF00392;PF12802;PF09339;PF13404;PF13412;PF00920;PF01081;PF01566;PF01872;PF00378;PF16113;PF04616;PF13360;PF13570;PF01011;PF00069;PF07714;PF13305;PF00440;PF00106;PF01370;PF02719;PF08659;PF01073;PF13561;PF06496;PF07995;PF00106;PF08659;PF04321;PF01370;PF05368;PF16363;PF13561;PF13460;PF03372;PF00392;PF02082;PF12802;PF13412;PF00005;PF13191;PF13555;PF13604;PF13304;PF12679;PF13191;PF00931;PF00175;PF00970;PF00042;PF11563;PF14508;PF10566;PF14509;PF05729
2	deepbgc	0.1.0	deepbgc	2_1055796-1166268.1	1055796	1166268	110472	82	244	34	0.94648	antibacterial	0.66	0.38	0.09	0.15	Polyketide	0.03	0.23	0.02	0.81	0.01	0.05	0.08	2_2_923;2_2_924;2_2_925;2_2_926;2_2_927;2_2_928;2_2_929;2_2_930;2_2_931;2_2_932;2_2_933;2_2_934;2_2_935;2_2_936;2_2_937;2_2_938;2_2_939;2_2_940;2_2_941;2_2_942;2_2_943;2_2_944;2_2_945;2_2_946;2_2_947;2_2_948;2_2_949;2_2_950;2_2_951;2_2_952;2_2_953;2_2_954;2_2_955;2_2_956;2_2_957;2_2_958;2_2_959;2_2_960;2_2_961;2_2_962;2_2_963;2_2_964;2_2_965;2_2_966;2_2_967;2_2_968;2_2_969;2_2_970;2_2_971;2_2_972;2_2_973;2_2_974;2_2_975;2_2_976;2_2_977;2_2_978;2_2_979;2_2_980;2_2_981;2_2_982;2_2_983;2_2_984;2_2_985;2_2_986;2_2_987;2_2_988;2_2_989;2_2_990;2_2_991;2_2_992;2_2_993;2_2_994;2_2_995;2_2_996;2_2_997;2_2_998;2_2_999;2_2_1000;2_2_1001;2_2_1002;2_2_1003;2_2_1004	PF00108;PF07993;PF00107;PF00067;PF08659;PF08541;PF00501;PF00348;PF00583;PF01266;PF01494;PF02801;PF08545;PF08240;PF01039;PF08028;PF00725;PF02737;PF01593;PF04321;PF00561;PF00698;PF00441;PF00106;PF00109;PF01370;PF02771;PF04101;PF04820;PF00891;PF00975;PF02770;PF08241;PF08242	PF00583;PF07992;PF06100;PF00070;PF01266;PF13450;PF00282;PF00266;PF01212;PF00892;PF02518;PF13581;PF00512;PF00672;PF00486;PF00072;PF00884;PF00486;PF03704;PF01039;PF01648;PF04820;PF01494;PF07992;PF01134;PF05834;PF01266;PF01946;PF03486;PF13450;PF00550;PF12697;PF00975;PF00725;PF02737;PF03446;PF03807;PF08541;PF08545;PF00195;PF00108;PF13602;PF00107;PF08240;PF00550;PF08659;PF14765;PF16197;PF02801;PF00108;PF00698;PF00109;PF01613;PF13193;PF00501;PF00441;PF08028;PF02770;PF02771;PF00999;PF06826;PF14864;PF04820;PF07992;PF13450;PF01494;PF00109;PF00108;PF02801;PF16197;PF00698;PF08659;PF00106;PF13561;PF00550;PF16859;PF00440;PF07690;PF06779;PF03209;PF04545;PF08281;PF00196;PF13384;PF14493;PF08541;PF08545;PF00108;PF08281;PF00196;PF13412;PF01648;PF13561;PF00106;PF02882;PF01370;PF07993;PF13460;PF04321;PF01073;PF01266;PF07992;PF01946;PF01494;PF13450;PF02353;PF05175;PF13489;PF08241;PF08242;PF13649;PF13847;PF07021;PF00550;PF00487;PF00501;PF08545;PF08541;PF00109;PF00108;PF02801;PF16197;PF00698;PF14765;PF08659;PF00106;PF01370;PF03435;PF13561;PF00550;PF00109;PF00108;PF02801;PF16197;PF00698;PF00561;PF00975;PF12697;PF07859;PF12146;PF10230;PF00463;PF13714;PF04072;PF02776;PF02775;PF00550;PF04321;PF01370;PF13460;PF01073;PF05368;PF08491;PF01494;PF00890;PF01266;PF07992;PF13738;PF13450;PF01134;PF00891;PF13489;PF03848;PF02353;PF05401;PF05175;PF13847;PF08241;PF08242;PF13649;PF01135;PF06325;PF07021;PF01262;PF01266;PF03486;PF00070;PF01494;PF07992;PF00890;PF01946;PF13450;PF01593;PF00067;PF00067;PF02687;PF12704;PF00005;PF13555;PF13193;PF00501;PF00109;PF00108;PF02801;PF00109;PF00108;PF00550;PF01040;PF00348;PF01209;PF13489;PF13847;PF13649;PF08241;PF08242;PF08541;PF02797;PF08545;PF00195;PF08392;PF13560;PF00480;PF12802;PF13412;PF01047;PF16875;PF02065;PF16874;PF13556;PF00201;PF04101;PF08924;PF12840;PF12802;PF01022;PF13412;PF07853;PF12697;PF10230;PF07859;PF12146;PF00975;PF00561;PF05090;PF07729;PF00392;PF12802;PF01471;PF00877;PF13489;PF13847;PF08241;PF08242;PF13649
2	deepbgc	0.1.0	deepbgc	2_1212692-1305478.1	1212692	1305478	92786	83	127	16	0.81037	antibacterial	0.52	0.42	0.19	0.17		0.04	0.21	0.13	0.21	0.19	0.33	0.02	2_2_1045;2_2_1046;2_2_1047;2_2_1048;2_2_1049;2_2_1050;2_2_1051;2_2_1052;2_2_1053;2_2_1054;2_2_1055;2_2_1056;2_2_1057;2_2_1058;2_2_1059;2_2_1060;2_2_1061;2_2_1062;2_2_1063;2_2_1064;2_2_1065;2_2_1066;2_2_1067;2_2_1068;2_2_1069;2_2_1070;2_2_1071;2_2_1072;2_2_1073;2_2_1074;2_2_1075;2_2_1076;2_2_1077;2_2_1078;2_2_1079;2_2_1080;2_2_1081;2_2_1082;2_2_1083;2_2_1084;2_2_1085;2_2_1086;2_2_1087;2_2_1088;2_2_1089;2_2_1090;2_2_1091;2_2_1092;2_2_1093;2_2_1094;2_2_1095;2_2_1096;2_2_1097;2_2_1098;2_2_1099;2_2_1100;2_2_1101;2_2_1102;2_2_1103;2_2_1104;2_2_1105;2_2_1106;2_2_1107;2_2_1108;2_2_1109;2_2_1110;2_2_1111;2_2_1112;2_2_1113;2_2_1114;2_2_1115;2_2_1116;2_2_1117;2_2_1118;2_2_1119;2_2_1120;2_2_1121;2_2_1122;2_2_1123;2_2_1124;2_2_1125;2_2_1126;2_2_1127	PF00501;PF02894;PF03720;PF04101;PF01370;PF00903;PF04321;PF02719;PF07993;PF03721;PF00248;PF05147;PF08241;PF00984;PF01408;PF08242	PF03704;PF01476;PF13400;PF07811;PF07811;PF00482;PF00482;PF13441;PF00437;PF13144;PF08666;PF01425;PF06114;PF13581;PF13581;PF01356;PF04149;PF13560;PF01381;PF14028;PF14028;PF14028;PF05147;PF02371;PF01548;PF05401;PF13489;PF05175;PF01209;PF13847;PF02353;PF00398;PF13649;PF05891;PF08241;PF08242;PF13528;PF13579;PF13439;PF04101;PF05050;PF00300;PF08264;PF09334;PF00133;PF01262;PF03721;PF03446;PF00984;PF03720;PF04321;PF00056;PF02719;PF01370;PF05368;PF01073;PF03435;PF16363;PF07993;PF13460;PF09481;PF09485;PF09344;PF09704;PF08798;PF01867;PF09707;PF00239;PF07508;PF13408;PF01261;PF01663;PF01261;PF02126;PF01026;PF01261;PF01040;PF07994;PF01658;PF06439;PF13385;PF06283;PF03422;PF00801;PF07995;PF07582;PF01261;PF02894;PF01408;PF03447;PF13407;PF00532;PF02653;PF13304;PF13604;PF00005;PF03193;PF13555;PF00480;PF03767;PF12710;PF02634;PF13469;PF00685;PF00501;PF00248;PF01329;PF13560;PF12844;PF01381;PF12680;PF07228;PF13492;PF13185;PF01590;PF08448;PF13426;PF00989;PF13188;PF00903;PF01891;PF02553;PF02361;PF00005;PF13191;PF13304;PF00487
2	deepbgc	0.1.0	deepbgc	2_1411693-1412716.1	1411693	1412716	1023	1	1	0	0.53382	antibacterial	0.85	0.08	0.17	0.27		0.00	0.11	0.07	0.34	0.20	0.03	0.31	2_2_1219		PF00296
2	deepbgc	0.1.0	deepbgc	2_1483193-1507776.1	1483193	1507776	24583	28	44	5	0.64713		0.37	0.48	0.27	0.03		0.03	0.39	0.24	0.24	0.03	0.01	0.06	2_2_1282;2_2_1283;2_2_1284;2_2_1285;2_2_1286;2_2_1287;2_2_1288;2_2_1289;2_2_1290;2_2_1291;2_2_1292;2_2_1293;2_2_1294;2_2_1295;2_2_1296;2_2_1297;2_2_1298;2_2_1299;2_2_1300;2_2_1301;2_2_1302;2_2_1303;2_2_1304;2_2_1305;2_2_1306;2_2_1307;2_2_1308;2_2_1309	PF00501;PF00583;PF03364;PF08241;PF08242	PF13193;PF00501;PF00150;PF00723;PF00479;PF02781;PF08327;PF10604;PF03364;PF10094;PF06224;PF13581;PF13560;PF12844;PF01381;PF13413;PF04149;PF10756;PF03372;PF13489;PF08241;PF08242;PF13649;PF13847;PF02353;PF13578;PF01209;PF05175;PF01135;PF13673;PF13527;PF13508;PF00583;PF14026;PF14026;PF01872;PF12833;PF14325;PF11139;PF04545;PF07638;PF08281;PF04542;PF03795
2	deepbgc	0.1.0	deepbgc	2_1509669-1511400.1	1509669	1511400	1731	1	4	1	0.50601		0.33	0.03	0.25	0.16		0.00	0.08	0.21	0.20	0.32	0.03	0.20	2_2_1311	PF01636	PF00069;PF07714;PF06293;PF01636
2	deepbgc	0.1.0	deepbgc	2_1528215-1556220.1	1528215	1556220	28005	21	38	6	0.84755		0.47	0.14	0.10	0.17	Saccharide	0.00	0.03	0.13	0.01	0.00	0.80	0.03	2_2_1324;2_2_1325;2_2_1326;2_2_1327;2_2_1328;2_2_1329;2_2_1330;2_2_1331;2_2_1332;2_2_1333;2_2_1334;2_2_1335;2_2_1336;2_2_1337;2_2_1338;2_2_1339;2_2_1340;2_2_1341;2_2_1342;2_2_1343;2_2_1344	PF02706;PF01943;PF04932;PF01243;PF00534;PF02397	PF00528;PF00528;PF00294;PF02056;PF11975;PF07992;PF13738;PF13434;PF13454;PF02156;PF13480;PF02706;PF13692;PF00534;PF13439;PF13579;PF13477;PF01522;PF03023;PF14667;PF01554;PF01943;PF04932;PF02397;PF13727;PF13524;PF00534;PF13692;PF13439;PF13579;PF13477;PF11824;PF11575;PF10935;PF13672;PF05887;PF01243;PF12900
2	deepbgc	0.1.0	deepbgc	2_1608248-1608458.1	1608248	1608458	210	1	1	0	0.51917	antibacterial	0.87	0.09	0.17	0.29		0.00	0.09	0.07	0.33	0.21	0.03	0.32	2_2_1389		PF04149
2	deepbgc	0.1.0	deepbgc	2_1611676-1612891.1	1611676	1612891	1215	1	1	0	0.52982	antibacterial	0.83	0.09	0.18	0.25		0.00	0.09	0.07	0.33	0.21	0.03	0.32	2_2_1393		PF13810
2	deepbgc	0.1.0	deepbgc	2_1618353-1644982.1	1618353	1644982	26629	25	48	6	0.77413		0.46	0.36	0.13	0.07		0.04	0.09	0.21	0.06	0.28	0.14	0.34	2_2_1400;2_2_1401;2_2_1402;2_2_1403;2_2_1404;2_2_1405;2_2_1406;2_2_1407;2_2_1408;2_2_1409;2_2_1410;2_2_1411;2_2_1412;2_2_1413;2_2_1414;2_2_1415;2_2_1416;2_2_1417;2_2_1418;2_2_1419;2_2_1420;2_2_1421;2_2_1422;2_2_1423;2_2_1424	PF01593;PF04738;PF02786;PF01266;PF00561;PF04055	PF04738;PF01061;PF12698;PF12679;PF10101;PF01925;PF02082;PF01872;PF03969;PF05787;PF00005;PF06626;PF04055;PF15632;PF02655;PF01071;PF02786;PF07478;PF13535;PF02655;PF02786;PF15632;PF13347;PF07690;PF04339;PF13480;PF01981;PF00561;PF08386;PF06778;PF01593;PF01266;PF13450;PF01134;PF00070;PF12831;PF00890;PF03486;PF07992;PF05834;PF01262;PF14257;PF01208;PF11452;PF00072;PF08281;PF04545;PF00196
2	deepbgc	0.1.0	deepbgc	2_1674301-1695573.1	1674301	1695573	21272	21	38	9	0.77215	antibacterial	0.58	0.25	0.11	0.06		0.01	0.25	0.29	0.33	0.10	0.00	0.09	2_2_1446;2_2_1447;2_2_1448;2_2_1449;2_2_1450;2_2_1451;2_2_1452;2_2_1453;2_2_1454;2_2_1455;2_2_1456;2_2_1457;2_2_1458;2_2_1459;2_2_1460;2_2_1461;2_2_1462;2_2_1463;2_2_1464;2_2_1465;2_2_1466	PF00501;PF00903;PF02771;PF01494;PF00378;PF02770;PF08241;PF08028;PF00441	PF14518;PF09360;PF03602;PF05175;PF01170;PF06325;PF13649;PF08241;PF13489;PF12502;PF05787;PF13191;PF12840;PF01022;PF01978;PF12802;PF09339;PF13714;PF00903;PF01042;PF00441;PF08028;PF02770;PF02771;PF01391;PF00501;PF13193;PF07848;PF08223;PF11298;PF00724;PF01494;PF07992;PF13450;PF00378;PF16113;PF01471;PF09374
2	deepbgc	0.1.0	deepbgc	2_1742326-1742572.1	1742326	1742572	246	1	1	0	0.51764	antibacterial	0.87	0.09	0.17	0.29		0.00	0.09	0.07	0.33	0.21	0.03	0.32	2_2_1508		PF04149
2	deepbgc	0.1.0	deepbgc	2_1989672-2000995.1	1989672	2000995	11323	11	9	0	0.74288	antibacterial	0.85	0.11	0.17	0.30	RiPP	0.00	0.03	0.02	0.05	0.87	0.02	0.04	2_2_1699;2_2_1700;2_2_1701;2_2_1702;2_2_1703;2_2_1704;2_2_1705;2_2_1706;2_2_1707;2_2_1708;2_2_1709		PF00296;PF04149;PF10824;PF06013;PF06013;PF00082;PF00082;PF05108;PF11203
2	deepbgc	0.1.0	deepbgc	2_2148879-2160485.1	2148879	2160485	11606	10	14	0	0.64935	antibacterial	0.88	0.06	0.16	0.25		0.00	0.09	0.07	0.34	0.23	0.03	0.29	2_2_1839;2_2_1840;2_2_1841;2_2_1842;2_2_1843;2_2_1844;2_2_1845;2_2_1846;2_2_1847;2_2_1848		PF03029;PF05331;PF03259;PF02518;PF13589;PF00672;PF08376;PF03029;PF05331;PF03259;PF02518;PF00672;PF08376;PF13822
2	deepbgc	0.1.0	deepbgc	2_2217773-2222789.1	2217773	2222789	5016	4	13	2	0.69941		0.26	0.36	0.29	0.05		0.11	0.31	0.30	0.28	0.08	0.05	0.11	2_2_1893;2_2_1894;2_2_1895;2_2_1896	PF08242;PF08241	PF13847;PF13489;PF03141;PF08241;PF02353;PF01209;PF05148;PF13649;PF08242;PF00210;PF00266;PF01212;PF01510
2	deepbgc	0.1.0	deepbgc	2_2325375-2326584.1	2325375	2326584	1209	1	1	1	0.72375	antibacterial	0.94	0.00	0.04	0.01	Polyketide-Terpene	0.00	0.00	0.07	0.62	0.00	0.00	0.75	2_2_1982	PF00067	PF00067
2	deepbgc	0.1.0	deepbgc	2_2750054-2752469.1	2750054	2752469	2415	1	3	0	0.51495	antibacterial	0.87	0.07	0.17	0.26		0.00	0.07	0.06	0.37	0.25	0.01	0.27	2_2_2341		PF13185;PF07228;PF13581
2	deepbgc	0.1.0	deepbgc	2_2833794-2979257.1	2833794	2979257	145463	51	203	23	0.89281	antibacterial	0.64	0.43	0.09	0.16	Polyketide	0.01	0.06	0.03	0.93	0.00	0.22	0.01	2_2_2407;2_2_2408;2_2_2409;2_2_2410;2_2_2411;2_2_2412;2_2_2413;2_2_2414;2_2_2415;2_2_2416;2_2_2417;2_2_2418;2_2_2419;2_2_2420;2_2_2421;2_2_2422;2_2_2423;2_2_2424;2_2_2425;2_2_2426;2_2_2427;2_2_2428;2_2_2429;2_2_2430;2_2_2431;2_2_2432;2_2_2433;2_2_2434;2_2_2435;2_2_2436;2_2_2437;2_2_2438;2_2_2439;2_2_2440;2_2_2441;2_2_2442;2_2_2443;2_2_2444;2_2_2445;2_2_2446;2_2_2447;2_2_2448;2_2_2449;2_2_2450;2_2_2451;2_2_2452;2_2_2453;2_2_2454;2_2_2455;2_2_2456;2_2_2457	PF00108;PF07993;PF00107;PF00067;PF08659;PF00155;PF01266;PF01494;PF02801;PF01408;PF08240;PF04321;PF02719;PF00561;PF08990;PF00698;PF00106;PF00109;PF01370;PF04101;PF00483;PF00975;PF01041	PF01648;PF00975;PF12697;PF12146;PF02458;PF00685;PF13469;PF12679;PF12698;PF01061;PF13732;PF13304;PF00005;PF00698;PF00975;PF12697;PF00561;PF00550;PF08659;PF00106;PF14765;PF16197;PF00109;PF00108;PF01370;PF16363;PF03435;PF00698;PF02801;PF08990;PF09277;PF00550;PF08659;PF00106;PF13460;PF13561;PF01370;PF02719;PF04321;PF16363;PF05368;PF16197;PF00108;PF13602;PF00107;PF08240;PF14765;PF00698;PF02801;PF00109;PF08990;PF08659;PF00106;PF13602;PF00107;PF08240;PF14765;PF02801;PF00698;PF16197;PF00109;PF00550;PF13561;PF01370;PF01073;PF04321;PF02719;PF16363;PF00108;PF08990;PF00550;PF08659;PF00106;PF13561;PF01370;PF01073;PF02719;PF04321;PF16363;PF02801;PF00109;PF00698;PF16197;PF00108;PF00550;PF08659;PF00106;PF01370;PF13602;PF00107;PF08240;PF14765;PF16197;PF02801;PF00109;PF00108;PF13561;PF00698;PF08990;PF00067;PF10589;PF00067;PF00067;PF13305;PF00440;PF03176;PF00873;PF03176;PF00515;PF07719;PF00805;PF13599;PF13576;PF16363;PF02719;PF01370;PF04321;PF07993;PF01073;PF13460;PF07959;PF00483;PF12804;PF06902;PF13459;PF13370;PF12837;PF00201;PF06722;PF13579;PF01073;PF14765;PF00109;PF00108;PF08659;PF01370;PF02801;PF00550;PF00106;PF13561;PF02719;PF16363;PF00698;PF16197;PF08990;PF08659;PF16363;PF01370;PF02719;PF01073;PF00698;PF16197;PF02801;PF00550;PF00106;PF13561;PF00109;PF00108;PF00201;PF13714;PF00201;PF04101;PF13579;PF03559;PF01408;PF01370;PF16363;PF04321;PF03704;PF13432;PF14559;PF00486;PF00561;PF12697;PF12146;PF04279;PF11361;PF00009;PF01926;PF01507;PF01583;PF13671;PF08433;PF13521;PF06414;PF13191;PF13238;PF03308;PF00196;PF13426;PF00989;PF08448;PF01053;PF00155;PF01212;PF01041;PF00266;PF01494;PF01266;PF13450;PF13738;PF05050;PF13796
2	deepbgc	0.1.0	deepbgc	2_3046945-3049360.1	3046945	3049360	2415	1	2	0	0.55829	antibacterial	0.83	0.07	0.11	0.13	RiPP	0.00	0.03	0.06	0.15	0.63	0.02	0.15	2_2_2531		PF02624;PF12802
2	deepbgc	0.1.0	deepbgc	2_3050760-3052104.1	3050760	3052104	1344	1	1	0	0.62736	antibacterial	0.84	0.06	0.11	0.14	RiPP	0.00	0.03	0.02	0.15	0.65	0.02	0.17	2_2_2534		PF02624
2	deepbgc	0.1.0	deepbgc	2_3098290-3100240.1	3098290	3100240	1950	4	7	2	0.54097		0.49	0.27	0.17	0.08		0.00	0.00	0.48	0.04	0.15	0.00	0.33	2_2_2575;2_2_2576;2_2_2577;2_2_2578	PF08242;PF08241	PF04149;PF13489;PF13847;PF01135;PF08241;PF08242;PF13649
2	deepbgc	0.1.0	deepbgc	2_3366931-3385397.1	3366931	3385397	18466	20	47	5	0.74922		0.41	0.36	0.26	0.09		0.08	0.24	0.28	0.22	0.11	0.06	0.06	2_2_2812;2_2_2813;2_2_2814;2_2_2815;2_2_2816;2_2_2817;2_2_2818;2_2_2819;2_2_2820;2_2_2821;2_2_2822;2_2_2823;2_2_2824;2_2_2825;2_2_2826;2_2_2827;2_2_2828;2_2_2829;2_2_2830;2_2_2831	PF01636;PF01370;PF07993;PF08241;PF08242	PF05724;PF05401;PF13489;PF03848;PF05175;PF02353;PF13847;PF01209;PF09445;PF13649;PF08241;PF08242;PF00282;PF00266;PF02873;PF01565;PF13452;PF01575;PF13452;PF01575;PF00471;PF07969;PF01370;PF05368;PF13460;PF07993;PF01810;PF12852;PF07022;PF12844;PF13443;PF01381;PF13560;PF13744;PF13413;PF09339;PF01636;PF04655;PF13360;PF12770;PF04461;PF13347;PF07690;PF00083;PF05977;PF00440;PF13977
2	deepbgc	0.1.0	deepbgc	2_3435300-3460542.1	3435300	3460542	25242	24	45	11	0.72611		0.40	0.34	0.24	0.08		0.02	0.27	0.28	0.39	0.10	0.03	0.07	2_2_2876;2_2_2877;2_2_2878;2_2_2879;2_2_2880;2_2_2881;2_2_2882;2_2_2883;2_2_2884;2_2_2885;2_2_2886;2_2_2887;2_2_2888;2_2_2889;2_2_2890;2_2_2891;2_2_2892;2_2_2893;2_2_2894;2_2_2895;2_2_2896;2_2_2897;2_2_2898;2_2_2899	PF00501;PF00109;PF00108;PF00583;PF08659;PF02803;PF04055;PF08241;PF02668;PF08242;PF00106	PF01209;PF13489;PF13847;PF08241;PF08242;PF13649;PF04055;PF00069;PF07714;PF02621;PF00313;PF08206;PF08352;PF02668;PF00501;PF02803;PF00108;PF00109;PF00106;PF08659;PF13561;PF01575;PF00440;PF00375;PF14012;PF13673;PF13508;PF00583;PF14542;PF04055;PF01037;PF13545;PF12840;PF13412;PF12802;PF01047;PF13518;PF13404;PF02441;PF01694;PF01040;PF01977;PF10724;PF13396;PF13458
2	deepbgc	0.1.0	deepbgc	2_3631767-3701742.1	3631767	3701742	69975	48	106	12	0.85794		0.43	0.34	0.18	0.28	NRP	0.00	0.77	0.04	0.47	0.02	0.00	0.02	2_2_3052;2_2_3053;2_2_3054;2_2_3055;2_2_3056;2_2_3057;2_2_3058;2_2_3059;2_2_3060;2_2_3061;2_2_3062;2_2_3063;2_2_3064;2_2_3065;2_2_3066;2_2_3067;2_2_3068;2_2_3069;2_2_3070;2_2_3071;2_2_3072;2_2_3073;2_2_3074;2_2_3075;2_2_3076;2_2_3077;2_2_3078;2_2_3079;2_2_3080;2_2_3081;2_2_3082;2_2_3083;2_2_3084;2_2_3085;2_2_3086;2_2_3087;2_2_3088;2_2_3089;2_2_3090;2_2_3091;2_2_3092;2_2_3093;2_2_3094;2_2_3095;2_2_3096;2_2_3097;2_2_3098;2_2_3099	PF00501;PF00109;PF00903;PF01488;PF00891;PF00561;PF00668;PF08659;PF02801;PF00975;PF08242;PF00106	PF00440;PF11017;PF00903;PF05721;PF14525;PF02311;PF07883;PF12833;PF00165;PF00528;PF00528;PF13416;PF01547;PF13088;PF13859;PF00392;PF07729;PF00701;PF02156;PF13377;PF00532;PF00356;PF00440;PF00703;PF00528;PF00528;PF13416;PF01547;PF00704;PF02518;PF13589;PF00183;PF07730;PF02518;PF00072;PF04545;PF08281;PF00196;PF00005;PF13476;PF13555;PF03193;PF02463;PF13401;PF12704;PF02687;PF13533;PF00364;PF13437;PF03412;PF00664;PF00005;PF02463;PF00664;PF00005;PF13191;PF02463;PF00196;PF00072;PF13581;PF07730;PF13796;PF00144;PF01648;PF00891;PF13489;PF13847;PF05175;PF08242;PF13649;PF16864;PF13561;PF00106;PF08659;PF00109;PF02801;PF00109;PF00550;PF03621;PF00975;PF12697;PF00561;PF13193;PF00501;PF00668;PF00550;PF13193;PF00501;PF00668;PF00550;PF00291;PF01978;PF00196;PF13384;PF12698;PF01061;PF13732;PF13304;PF13191;PF00005;PF13604;PF00448;PF03176;PF02460;PF02423;PF01488
2	deepbgc	0.1.0	deepbgc	2_3763609-3800134.1	3763609	3800134	36525	31	58	8	0.72141		0.37	0.38	0.21	0.11		0.05	0.11	0.49	0.11	0.16	0.01	0.09	2_2_3152;2_2_3153;2_2_3154;2_2_3155;2_2_3156;2_2_3157;2_2_3158;2_2_3159;2_2_3160;2_2_3161;2_2_3162;2_2_3163;2_2_3164;2_2_3165;2_2_3166;2_2_3167;2_2_3168;2_2_3169;2_2_3170;2_2_3171;2_2_3172;2_2_3173;2_2_3174;2_2_3175;2_2_3176;2_2_3177;2_2_3178;2_2_3179;2_2_3180;2_2_3181;2_2_3182	PF01636;PF00903;PF00891;PF00248;PF00155;PF08241;PF01118;PF08242	PF00248;PF00440;PF09339;PF16859;PF13977;PF02514;PF03460;PF02570;PF00590;PF02571;PF01888;PF00590;PF01135;PF03602;PF00590;PF02129;PF00326;PF01738;PF02104;PF14016;PF04545;PF08281;PF00196;PF04542;PF02774;PF01118;PF03807;PF13840;PF01842;PF00696;PF04203;PF05685;PF00155;PF00392;PF10017;PF13489;PF05175;PF05401;PF01209;PF02353;PF08003;PF13847;PF00891;PF00398;PF02390;PF13649;PF08241;PF08242;PF03465;PF01435;PF05569;PF04264;PF13560;PF01381;PF12833;PF00165;PF00903;PF01636
2	deepbgc	0.1.0	deepbgc	2_3817556-3820028.1	3817556	3820028	2472	1	1	0	0.52439	antibacterial	0.87	0.06	0.17	0.26		0.00	0.09	0.07	0.34	0.20	0.03	0.32	2_2_3201		PF07730
2	deepbgc	0.1.0	deepbgc	2_3828923-3848818.1	3828923	3848818	19895	19	36	13	0.74026	antibacterial	0.58	0.22	0.13	0.17	Polyketide	0.01	0.30	0.14	0.61	0.05	0.07	0.00	2_2_3214;2_2_3215;2_2_3216;2_2_3217;2_2_3218;2_2_3219;2_2_3220;2_2_3221;2_2_3222;2_2_3223;2_2_3224;2_2_3225;2_2_3226;2_2_3227;2_2_3228;2_2_3229;2_2_3230;2_2_3231;2_2_3232	PF00501;PF00109;PF01370;PF00108;PF04321;PF02719;PF07993;PF00561;PF02801;PF00248;PF08545;PF08541;PF00106	PF00248;PF00561;PF12697;PF12146;PF00501;PF04321;PF01370;PF05368;PF02719;PF00106;PF16363;PF01073;PF13460;PF07993;PF00108;PF00195;PF07451;PF08545;PF08541;PF00550;PF03405;PF00109;PF00108;PF02801;PF10282;PF04542;PF08281;PF04545;PF12680;PF00144;PF00005;PF00684;PF02463;PF10756;PF03473;PF04149
2	deepbgc	0.1.0	deepbgc	2_4251650-4286824.1	4251650	4286824	35174	34	49	2	0.77563	antibacterial	0.76	0.10	0.03	0.12	RiPP	0.01	0.11	0.11	0.13	0.62	0.02	0.03	2_2_3594;2_2_3595;2_2_3596;2_2_3597;2_2_3598;2_2_3599;2_2_3600;2_2_3601;2_2_3602;2_2_3603;2_2_3604;2_2_3605;2_2_3606;2_2_3607;2_2_3608;2_2_3609;2_2_3610;2_2_3611;2_2_3612;2_2_3613;2_2_3614;2_2_3615;2_2_3616;2_2_3617;2_2_3618;2_2_3619;2_2_3620;2_2_3621;2_2_3622;2_2_3623;2_2_3624;2_2_3625;2_2_3626;2_2_3627	PF00903;PF00067	PF07336;PF14028;PF02861;PF00440;PF12697;PF06821;PF05787;PF03780;PF03780;PF07638;PF08281;PF13384;PF04545;PF13404;PF04542;PF03780;PF13581;PF02518;PF00903;PF03358;PF02525;PF09084;PF13379;PF00005;PF13555;PF03193;PF13191;PF13304;PF13476;PF00528;PF00296;PF00486;PF00440;PF16925;PF12697;PF12146;PF00067;PF13560;PF12844;PF01381;PF04672;PF11258;PF17479;PF02872;PF00149;PF00067;PF01872;PF00440;PF00440
2	deepbgc	0.1.0	deepbgc	2_4326566-4327643.1	4326566	4327643	1077	1	1	0	0.54688	antibacterial	0.81	0.08	0.14	0.23		0.00	0.11	0.07	0.34	0.21	0.03	0.29	2_2_3666		PF00196
2	deepbgc	0.1.0	deepbgc	2_4334102-4366048.1	4334102	4366048	31946	31	58	8	0.84562	antibacterial	0.53	0.23	0.22	0.10		0.00	0.28	0.27	0.20	0.24	0.07	0.02	2_2_3671;2_2_3672;2_2_3673;2_2_3674;2_2_3675;2_2_3676;2_2_3677;2_2_3678;2_2_3679;2_2_3680;2_2_3681;2_2_3682;2_2_3683;2_2_3684;2_2_3685;2_2_3686;2_2_3687;2_2_3688;2_2_3689;2_2_3690;2_2_3691;2_2_3692;2_2_3693;2_2_3694;2_2_3695;2_2_3696;2_2_3697;2_2_3698;2_2_3699;2_2_3700;2_2_3701	PF00903;PF01370;PF01757;PF00561;PF00155;PF08241;PF08242;PF01041	PF10722;PF00155;PF01053;PF00266;PF01212;PF01041;PF00440;PF12680;PF13577;PF13474;PF07366;PF03284;PF01370;PF13460;PF05368;PF00903;PF00246;PF00899;PF10936;PF01564;PF06240;PF01263;PF00156;PF01116;PF11349;PF03301;PF00266;PF12697;PF07859;PF12146;PF00561;PF06821;PF11187;PF00326;PF03583;PF01471;PF01510;PF01551;PF13489;PF13847;PF06325;PF01209;PF08241;PF08242;PF13649;PF01135;PF16670;PF14016;PF00903;PF06259;PF01757;PF00709;PF01047;PF01978;PF12802;PF08279;PF00005;PF13304
2	deepbgc	0.1.0	deepbgc	2_4455730-4476480.1	4455730	4476480	20750	21	33	5	0.64351	antibacterial	0.67	0.15	0.17	0.11	RiPP	0.01	0.10	0.05	0.10	0.64	0.03	0.10	2_2_3782;2_2_3783;2_2_3784;2_2_3785;2_2_3786;2_2_3787;2_2_3788;2_2_3789;2_2_3790;2_2_3791;2_2_3792;2_2_3793;2_2_3794;2_2_3795;2_2_3796;2_2_3797;2_2_3798;2_2_3799;2_2_3800;2_2_3801;2_2_3802	PF02737;PF04738;PF08659;PF05147;PF00106	PF05147;PF14028;PF04738;PF13560;PF13443;PF01381;PF13412;PF09339;PF08279;PF02737;PF08659;PF03435;PF13561;PF00106;PF13349;PF00005;PF13191;PF13304;PF13732;PF01061;PF12698;PF04073;PF12840;PF12802;PF13412;PF01022;PF13305;PF03713;PF13628;PF01565;PF00722;PF03935;PF07228
2	deepbgc	0.1.0	deepbgc	2_4478595-4486024.1	4478595	4486024	7429	9	14	2	0.60096	antibacterial	0.66	0.21	0.10	0.36		0.01	0.13	0.24	0.44	0.16	0.01	0.06	2_2_3804;2_2_3805;2_2_3806;2_2_3807;2_2_3808;2_2_3809;2_2_3810;2_2_3811;2_2_3812	PF01370;PF01243	PF01243;PF04672;PF03473;PF03476;PF01370;PF13460;PF05368;PF16859;PF00440;PF12740;PF07224;PF03403;PF12146;PF05988
2	deepbgc	0.1.0	deepbgc	2_4487531-4487795.1	4487531	4487795	264	1	1	0	0.65831	antibacterial	0.87	0.09	0.17	0.29		0.00	0.09	0.07	0.33	0.21	0.03	0.32	2_2_3814		PF04149
2	deepbgc	0.1.0	deepbgc	2_4496417-4499980.1	4496417	4499980	3563	4	4	1	0.53605	antibacterial	0.71	0.07	0.12	0.35	NRP	0.00	0.62	0.09	0.16	0.06	0.01	0.07	2_2_3822;2_2_3823;2_2_3824;2_2_3825	PF00561	PF03551;PF12697;PF00561;PF13367
2	deepbgc	0.1.0	deepbgc	2_4501231-4507126.1	4501231	4507126	5895	3	9	3	0.53624		0.41	0.20	0.26	0.25	Terpene	0.06	0.00	0.13	0.20	0.09	0.17	0.55	2_2_3827;2_2_3828;2_2_3829	PF01593;PF01266;PF01494	PF01266;PF01494;PF01593;PF00890;PF13450;PF05834;PF00070;PF01946;PF00733
2	deepbgc	0.1.0	deepbgc	2_4558352-4568927.1	4558352	4568927	10575	10	34	7	0.61580		0.32	0.32	0.30	0.16	Polyketide	0.02	0.06	0.15	0.51	0.02	0.12	0.19	2_2_3872;2_2_3873;2_2_3874;2_2_3875;2_2_3876;2_2_3877;2_2_3878;2_2_3879;2_2_3880;2_2_3881	PF01636;PF01370;PF00583;PF01266;PF01494;PF08659;PF00106	PF01636;PF07714;PF00069;PF01636;PF11716;PF00126;PF03466;PF13561;PF00106;PF08659;PF01370;PF16363;PF13561;PF13460;PF00106;PF08659;PF01370;PF12746;PF00583;PF08445;PF01494;PF02254;PF01266;PF05834;PF03486;PF00070;PF00890;PF13450;PF13738;PF12680;PF14534;PF08281;PF04545;PF04542
2	deepbgc	0.1.0	deepbgc	2_4571968-4582607.1	4571968	4582607	10639	11	24	2	0.76567		0.42	0.36	0.21	0.06		0.01	0.08	0.40	0.12	0.14	0.00	0.26	2_2_3885;2_2_3886;2_2_3887;2_2_3888;2_2_3889;2_2_3890;2_2_3891;2_2_3892;2_2_3893;2_2_3894;2_2_3895	PF08242;PF08241	PF13376;PF13679;PF05148;PF01209;PF13489;PF13847;PF02353;PF13649;PF08241;PF08242;PF04909;PF02627;PF13411;PF00376;PF13672;PF07228;PF00481;PF12697;PF12833;PF00165;PF00440;PF01965;PF10027;PF12823
2	deepbgc	0.1.0	deepbgc	2_4809956-4816384.1	4809956	4816384	6428	4	10	0	0.61461	antibacterial	0.71	0.16	0.18	0.24		0.00	0.07	0.34	0.20	0.21	0.00	0.19	2_2_4113;2_2_4114;2_2_4115;2_2_4116		PF13191;PF00931;PF13401;PF13424;PF13374;PF04134;PF11716;PF12867;PF08608;PF07287
2	deepbgc	0.1.0	deepbgc	2_4865920-4913698.1	4865920	4913698	47778	39	76	7	0.81674		0.33	0.27	0.23	0.15		0.03	0.06	0.31	0.13	0.25	0.02	0.25	2_2_4156;2_2_4157;2_2_4158;2_2_4159;2_2_4160;2_2_4161;2_2_4162;2_2_4163;2_2_4164;2_2_4165;2_2_4166;2_2_4167;2_2_4168;2_2_4169;2_2_4170;2_2_4171;2_2_4172;2_2_4173;2_2_4174;2_2_4175;2_2_4176;2_2_4177;2_2_4178;2_2_4179;2_2_4180;2_2_4181;2_2_4182;2_2_4183;2_2_4184;2_2_4185;2_2_4186;2_2_4187;2_2_4188;2_2_4189;2_2_4190;2_2_4191;2_2_4192;2_2_4193;2_2_4194	PF01636;PF00903;PF00067;PF01243;PF04055;PF08241;PF08242	PF00440;PF00903;PF00069;PF07714;PF01636;PF13360;PF01011;PF13570;PF13411;PF00376;PF09278;PF06445;PF07719;PF13424;PF00931;PF13401;PF03704;PF00486;PF00067;PF03029;PF00004;PF13479;PF13238;PF05331;PF12802;PF03259;PF13589;PF13581;PF00067;PF03869;PF01243;PF13489;PF08003;PF02353;PF13847;PF07021;PF06325;PF08241;PF08242;PF13649;PF10518;PF00296;PF04075;PF04055;PF12680;PF13560;PF01381;PF12844;PF13191;PF13424;PF13432;PF13371;PF09976;PF07719;PF13414;PF00515;PF14559;PF13428;PF03747;PF04149;PF13560;PF12844;PF01381;PF13443;PF13744;PF13413;PF04545;PF05719;PF00768;PF04679;PF01068;PF09414;PF04675;PF04672;PF13560;PF04149
2	deepbgc	0.1.0	deepbgc	2_4922451-4924623.1	4922451	4924623	2172	2	4	0	0.50408	antibacterial	0.79	0.13	0.16	0.22		0.00	0.06	0.27	0.28	0.18	0.04	0.23	2_2_4203;2_2_4204		PF04616;PF13463;PF01047;PF12802
2	deepbgc	0.1.0	deepbgc	2_4925441-4929330.1	4925441	4929330	3889	4	12	0	0.54777	antibacterial	0.68	0.08	0.12	0.11	RiPP	0.00	0.05	0.06	0.08	0.80	0.01	0.01	2_2_4206;2_2_4207;2_2_4208;2_2_4209		PF07730;PF02518;PF13581;PF00072;PF08281;PF04545;PF00196;PF00005;PF13304;PF01061;PF12730;PF12679
2	deepbgc	0.1.0	deepbgc	2_4984584-4988270.1	4984584	4988270	3686	5	22	4	0.81475		0.37	0.39	0.21	0.09		0.08	0.18	0.28	0.25	0.09	0.03	0.14	2_2_4259;2_2_4260;2_2_4261;2_2_4262;2_2_4263	PF08242;PF01370;PF08241;PF07993	PF01135;PF13489;PF05175;PF01209;PF13847;PF02390;PF13649;PF08241;PF08242;PF01479;PF13489;PF02353;PF13847;PF13649;PF08241;PF08242;PF05368;PF13460;PF01370;PF07993;PF00440;PF00356
2	deepbgc	0.1.0	deepbgc	2_5088517-5089916.1	5088517	5089916	1399	2	9	2	0.62643		0.43	0.37	0.16	0.04		0.00	0.02	0.24	0.14	0.19	0.02	0.41	2_2_4347;2_2_4348	PF08242;PF08241	PF13463;PF01047;PF12802;PF13489;PF05175;PF13847;PF13649;PF08241;PF08242
2	deepbgc	0.1.0	deepbgc	2_5137087-5150941.1	5137087	5150941	13854	10	32	5	0.73185		0.40	0.32	0.23	0.18		0.00	0.19	0.16	0.33	0.40	0.01	0.04	2_2_4384;2_2_4385;2_2_4386;2_2_4387;2_2_4388;2_2_4389;2_2_4390;2_2_4391;2_2_4392;2_2_4393	PF00109;PF00108;PF08241;PF02803;PF08242	PF02353;PF08123;PF01135;PF13489;PF05175;PF07021;PF12847;PF13847;PF08241;PF08242;PF13649;PF13578;PF02687;PF12704;PF02463;PF00005;PF03193;PF13555;PF13476;PF00196;PF08281;PF04545;PF13412;PF13384;PF13191;PF13401;PF12811;PF01027;PF14117;PF02803;PF00108;PF00109
2	deepbgc	0.1.0	deepbgc	2_5174780-5204876.1	5174780	5204876	30096	27	44	13	0.76259	antibacterial	0.72	0.09	0.20	0.10	Saccharide	0.01	0.07	0.14	0.12	0.07	0.60	0.03	2_2_4415;2_2_4416;2_2_4417;2_2_4418;2_2_4419;2_2_4420;2_2_4421;2_2_4422;2_2_4423;2_2_4424;2_2_4425;2_2_4426;2_2_4427;2_2_4428;2_2_4429;2_2_4430;2_2_4431;2_2_4432;2_2_4433;2_2_4434;2_2_4435;2_2_4436;2_2_4437;2_2_4438;2_2_4439;2_2_4440;2_2_4441	PF00501;PF03720;PF02737;PF02771;PF03061;PF02786;PF00483;PF03721;PF00535;PF02770;PF00984;PF08028;PF00441	PF02222;PF02786;PF00731;PF01244;PF00296;PF08592;PF00293;PF00441;PF08028;PF03241;PF02770;PF02771;PF03721;PF03446;PF02737;PF00984;PF03720;PF11706;PF07336;PF03816;PF03061;PF03067;PF13399;PF03816;PF00535;PF13641;PF10111;PF13506;PF13632;PF13399;PF03816;PF13399;PF03816;PF03816;PF00501;PF01510;PF00483;PF12804;PF00881;PF01996;PF01391;PF01933;PF05995;PF07883
2	deepbgc	0.1.0	deepbgc	2_5387405-5460669.1	5387405	5460669	73264	47	125	26	0.92580	antibacterial	0.72	0.36	0.09	0.12	Polyketide	0.01	0.29	0.12	0.83	0.00	0.10	0.01	2_2_4586;2_2_4587;2_2_4588;2_2_4589;2_2_4590;2_2_4591;2_2_4592;2_2_4593;2_2_4594;2_2_4595;2_2_4596;2_2_4597;2_2_4598;2_2_4599;2_2_4600;2_2_4601;2_2_4602;2_2_4603;2_2_4604;2_2_4605;2_2_4606;2_2_4607;2_2_4608;2_2_4609;2_2_4610;2_2_4611;2_2_4612;2_2_4613;2_2_4614;2_2_4615;2_2_4616;2_2_4617;2_2_4618;2_2_4619;2_2_4620;2_2_4621;2_2_4622;2_2_4623;2_2_4624;2_2_4625;2_2_4626;2_2_4627;2_2_4628;2_2_4629;2_2_4630;2_2_4631;2_2_4632	PF00108;PF07993;PF08659;PF08541;PF01118;PF00501;PF03992;PF01266;PF01494;PF02801;PF08545;PF01408;PF08028;PF01039;PF00702;PF00698;PF00441;PF00106;PF02894;PF00109;PF01370;PF02771;PF04820;PF00535;PF00975;PF02770	PF06182;PF00005;PF13555;PF03308;PF13476;PF13304;PF00657;PF13472;PF17182;PF04286;PF02096;PF01557;PF02894;PF01408;PF01118;PF13344;PF00702;PF13419;PF13242;PF04203;PF01341;PF09118;PF13632;PF03552;PF13641;PF13506;PF00535;PF07730;PF00999;PF02771;PF02770;PF00441;PF08028;PF00501;PF13193;PF00109;PF00698;PF00550;PF00108;PF02801;PF16197;PF14765;PF08659;PF00109;PF00108;PF02801;PF16197;PF00698;PF00550;PF01370;PF16363;PF07993;PF01073;PF00996;PF07992;PF01494;PF01266;PF13450;PF04820;PF01494;PF07992;PF04820;PF13450;PF01613;PF00501;PF00108;PF08545;PF08541;PF01039;PF13822;PF01494;PF05834;PF01266;PF07992;PF04820;PF04072;PF13384;PF13551;PF13518;PF13565;PF01418;PF13358;PF08659;PF00106;PF00698;PF16197;PF02801;PF00109;PF00975;PF12697;PF00550;PF01946;PF01494;PF12831;PF07992;PF01266;PF13450;PF04820;PF01648;PF03704;PF00486;PF00196;PF04545;PF14493;PF09339;PF08281;PF13551;PF13384;PF00072;PF12698;PF00440;PF13977;PF13193;PF00501;PF06224;PF03067;PF12051;PF03992;PF00550;PF08659;PF00106;PF13561;PF01370;PF16363;PF14765
2	deepbgc	0.1.0	deepbgc	2_5487603-5489118.1	5487603	5489118	1515	1	1	0	0.50862	antibacterial	0.86	0.07	0.18	0.26		0.00	0.09	0.07	0.36	0.21	0.03	0.30	2_2_4655		PF13424
2	deepbgc	0.1.0	deepbgc	2_5609172-5610651.1	5609172	5610651	1479	1	1	1	0.61355	antibacterial	0.94	0.00	0.04	0.01	Polyketide-Terpene	0.00	0.00	0.07	0.62	0.00	0.00	0.75	2_2_4754	PF00067	PF00067
2	deepbgc	0.1.0	deepbgc	2_5614329-5671001.1	5614329	5671001	56672	32	74	11	0.89436		0.47	0.34	0.21	0.15	NRP	0.05	0.89	0.06	0.05	0.00	0.03	0.00	2_2_4759;2_2_4760;2_2_4761;2_2_4762;2_2_4763;2_2_4764;2_2_4765;2_2_4766;2_2_4767;2_2_4768;2_2_4769;2_2_4770;2_2_4771;2_2_4772;2_2_4773;2_2_4774;2_2_4775;2_2_4776;2_2_4777;2_2_4778;2_2_4779;2_2_4780;2_2_4781;2_2_4782;2_2_4783;2_2_4784;2_2_4785;2_2_4786;2_2_4787;2_2_4788;2_2_4789;2_2_4790	PF00501;PF04820;PF00067;PF01266;PF00561;PF00668;PF00975;PF01494;PF00155;PF08241;PF08242	PF12708;PF13229;PF05048;PF01161;PF00485;PF13238;PF13671;PF00293;PF02687;PF13304;PF00005;PF13191;PF13555;PF13796;PF07730;PF02518;PF00072;PF08281;PF04545;PF00196;PF00155;PF00155;PF02274;PF06250;PF05534;PF13349;PF00975;PF12697;PF07859;PF00501;PF13193;PF00668;PF00550;PF13489;PF13847;PF13649;PF08241;PF08242;PF00550;PF00668;PF13193;PF00501;PF00975;PF12697;PF00561;PF00067;PF01494;PF07992;PF12831;PF01134;PF13450;PF04820;PF01266;PF15387;PF00668;PF00501;PF13193;PF00550;PF04299;PF12900;PF13434;PF13454;PF13738;PF07992;PF03621;PF13349;PF07690;PF06609;PF05977;PF00083;PF13347;PF13023;PF01966;PF01925
2	deepbgc	0.1.0	deepbgc	2_5691952-5722957.1	5691952	5722957	31005	27	54	4	0.83490		0.48	0.14	0.16	0.33		0.01	0.27	0.20	0.09	0.35	0.05	0.08	2_2_4809;2_2_4810;2_2_4811;2_2_4812;2_2_4813;2_2_4814;2_2_4815;2_2_4816;2_2_4817;2_2_4818;2_2_4819;2_2_4820;2_2_4821;2_2_4822;2_2_4823;2_2_4824;2_2_4825;2_2_4826;2_2_4827;2_2_4828;2_2_4829;2_2_4830;2_2_4831;2_2_4832;2_2_4833;2_2_4834;2_2_4835	PF00975;PF01593;PF00155;PF00561	PF00278;PF02784;PF01168;PF07350;PF05721;PF00933;PF15589;PF00005;PF13555;PF13191;PF13604;PF02702;PF13304;PF13732;PF01061;PF12698;PF12679;PF13191;PF13401;PF00931;PF03704;PF00486;PF06772;PF00701;PF00496;PF00528;PF00528;PF00005;PF13304;PF08352;PF00005;PF13191;PF08352;PF13450;PF01593;PF00440;PF02687;PF12704;PF13401;PF00005;PF13304;PF13555;PF00196;PF00487;PF00155;PF00440;PF00561;PF00975;PF12146;PF12697;PF03096;PF00756;PF08386;PF12006
2	deepbgc	0.1.0	deepbgc	2_5857518-5870496.1	5857518	5870496	12978	11	37	3	0.70189		0.34	0.17	0.14	0.20		0.01	0.10	0.34	0.30	0.18	0.00	0.15	2_2_4938;2_2_4939;2_2_4940;2_2_4941;2_2_4942;2_2_4943;2_2_4944;2_2_4945;2_2_4946;2_2_4947;2_2_4948	PF01636;PF00067;PF00561	PF04149;PF00069;PF07714;PF01636;PF05887;PF13360;PF01011;PF13570;PF12697;PF08840;PF12146;PF05448;PF01738;PF12802;PF13463;PF01047;PF09339;PF00069;PF07714;PF01636;PF00069;PF07714;PF01163;PF01636;PF07398;PF11716;PF12867;PF00067;PF06902;PF13459;PF13370;PF00440;PF13305;PF12697;PF00561;PF12146;PF05448
2	deepbgc	0.1.0	deepbgc	2_6058584-6059367.1	6058584	6059367	783	1	1	0	0.61117	antibacterial	0.82	0.12	0.17	0.24		0.00	0.09	0.07	0.33	0.21	0.03	0.32	2_2_5115		PF04672
2	deepbgc	0.1.0	deepbgc	2_6062648-6063407.1	6062648	6063407	759	1	1	0	0.52013	antibacterial	0.87	0.06	0.17	0.26		0.00	0.09	0.07	0.33	0.21	0.03	0.32	2_2_5120		PF00314
2	deepbgc	0.1.0	deepbgc	2_6075276-6078464.1	6075276	6078464	3188	3	4	2	0.63042	antibacterial	0.92	0.02	0.04	0.01	Polyketide	0.00	0.00	0.07	0.73	0.00	0.00	0.47	2_2_5132;2_2_5133;2_2_5134	PF00378;PF00067	PF01872;PF00378;PF16113;PF00067
2	deepbgc	0.1.0	deepbgc	2_6080617-6080989.1	6080617	6080989	372	1	1	0	0.53561	antibacterial	0.87	0.06	0.17	0.26		0.00	0.09	0.07	0.33	0.21	0.03	0.32	2_2_5137		PF05331
2	deepbgc	0.1.0	deepbgc	2_6170497-6172398.1	6170497	6172398	1901	2	3	0	0.60661	antibacterial	0.80	0.04	0.16	0.46	Polyketide	0.00	0.00	0.01	0.92	0.01	0.01	0.05	2_2_5235;2_2_5236		PF11706;PF07336;PF07690
2	deepbgc	0.1.0	deepbgc	2_6178918-6219665.1	6178918	6219665	40747	42	40	5	0.77824		0.36	0.29	0.26	0.14		0.04	0.10	0.28	0.35	0.12	0.02	0.14	2_2_5246;2_2_5247;2_2_5248;2_2_5249;2_2_5250;2_2_5251;2_2_5252;2_2_5253;2_2_5254;2_2_5255;2_2_5256;2_2_5257;2_2_5258;2_2_5259;2_2_5260;2_2_5261;2_2_5262;2_2_5263;2_2_5264;2_2_5265;2_2_5266;2_2_5267;2_2_5268;2_2_5269;2_2_5270;2_2_5271;2_2_5272;2_2_5273;2_2_5274;2_2_5275;2_2_5276;2_2_5277;2_2_5278;2_2_5279;2_2_5280;2_2_5281;2_2_5282;2_2_5283;2_2_5284;2_2_5285;2_2_5286;2_2_5287	PF00106;PF08241;PF08242;PF08028;PF00441	PF01135;PF00398;PF05175;PF06080;PF13489;PF02390;PF13649;PF08242;PF08241;PF13561;PF00106;PF07905;PF13556;PF04672;PF11533;PF08332;PF13577;PF13474;PF14534;PF07366;PF12680;PF08239;PF12973;PF08666;PF00437;PF13191;PF00482;PF00482;PF07811;PF07811;PF13400;PF01476;PF00486;PF03704;PF14559;PF13830;PF06067;PF00441;PF08028;PF13182
2	deepbgc	0.1.0	deepbgc	2_6221165-6222179.1	6221165	6222179	1014	1	1	0	0.61229	antibacterial	0.88	0.09	0.16	0.26		0.00	0.09	0.06	0.38	0.20	0.06	0.29	2_2_5290		PF13814
2	deepbgc	0.1.0	deepbgc	2_6241827-6263353.1	6241827	6263353	21526	17	49	3	0.79733		0.28	0.42	0.17	0.13	Saccharide	0.06	0.01	0.12	0.07	0.07	0.60	0.09	2_2_5307;2_2_5308;2_2_5309;2_2_5310;2_2_5311;2_2_5312;2_2_5313;2_2_5314;2_2_5315;2_2_5316;2_2_5317;2_2_5318;2_2_5319;2_2_5320;2_2_5321;2_2_5322;2_2_5323	PF08242;PF00534;PF08241	PF02735;PF14534;PF13474;PF12680;PF00553;PF00041;PF00704;PF13358;PF01418;PF13565;PF13551;PF13518;PF13384;PF13586;PF01609;PF13340;PF00704;PF05050;PF03966;PF05653;PF13489;PF07021;PF13847;PF03141;PF01209;PF08241;PF08242;PF13649;PF06325;PF05175;PF02353;PF01135;PF02390;PF00754;PF11847;PF13489;PF13847;PF01209;PF08241;PF08242;PF13649;PF13524;PF00534;PF13692;PF13439;PF13579;PF11271;PF13556;PF13518
2	deepbgc	0.1.0	deepbgc	2_6264716-6268015.1	6264716	6268015	3299	3	8	2	0.53971	inhibitor	0.29	0.05	0.66	0.06	Polyketide	0.01	0.22	0.08	0.73	0.02	0.01	0.01	2_2_5325;2_2_5326;2_2_5327	PF00107;PF08240	PF08240;PF16912;PF00899;PF00107;PF13602;PF01136;PF13407;PF00532
2	deepbgc	0.1.0	deepbgc	2_6274885-6298423.1	6274885	6298423	23538	23	53	9	0.85014		0.39	0.24	0.10	0.25	Polyketide	0.04	0.08	0.14	0.65	0.05	0.08	0.09	2_2_5335;2_2_5336;2_2_5337;2_2_5338;2_2_5339;2_2_5340;2_2_5341;2_2_5342;2_2_5343;2_2_5344;2_2_5345;2_2_5346;2_2_5347;2_2_5348;2_2_5349;2_2_5350;2_2_5351;2_2_5352;2_2_5353;2_2_5354;2_2_5355;2_2_5356;2_2_5357	PF00109;PF02737;PF01488;PF00108;PF02801;PF00248;PF08545;PF08541;PF00698	PF00657;PF13472;PF11343;PF02826;PF07991;PF01488;PF01210;PF03446;PF03807;PF02558;PF02737;PF13579;PF14833;PF02801;PF00109;PF00108;PF00550;PF14573;PF08541;PF08545;PF00195;PF00108;PF00698;PF13556;PF02678;PF07883;PF07730;PF00072;PF08281;PF04545;PF00196;PF00248;PF09278;PF13411;PF12728;PF00376;PF00144;PF09851;PF14472;PF06259;PF13022;PF00440;PF06779;PF07690;PF06609;PF00083;PF12832;PF03995;PF00456;PF11253;PF08534;PF00578;PF02342
2	deepbgc	0.1.0	deepbgc	2_6307254-6307869.1	6307254	6307869	615	1	1	0	0.53348	antibacterial	0.87	0.06	0.17	0.26		0.00	0.09	0.07	0.33	0.21	0.03	0.32	2_2_5365		PF14325
2	deepbgc	0.1.0	deepbgc	2_6310860-6365088.1	6310860	6365088	54228	47	81	12	0.80485		0.48	0.34	0.26	0.14		0.00	0.07	0.09	0.22	0.14	0.41	0.12	2_2_5369;2_2_5370;2_2_5371;2_2_5372;2_2_5373;2_2_5374;2_2_5375;2_2_5376;2_2_5377;2_2_5378;2_2_5379;2_2_5380;2_2_5381;2_2_5382;2_2_5383;2_2_5384;2_2_5385;2_2_5386;2_2_5387;2_2_5388;2_2_5389;2_2_5390;2_2_5391;2_2_5392;2_2_5393;2_2_5394;2_2_5395;2_2_5396;2_2_5397;2_2_5398;2_2_5399;2_2_5400;2_2_5401;2_2_5402;2_2_5403;2_2_5404;2_2_5405;2_2_5406;2_2_5407;2_2_5408;2_2_5409;2_2_5410;2_2_5411;2_2_5412;2_2_5413;2_2_5414;2_2_5415	PF03992;PF02771;PF00702;PF00106;PF00432;PF08659;PF00534;PF08241;PF02770;PF08242;PF08028;PF00441	PF12385;PF13529;PF01695;PF13191;PF13401;PF00196;PF00704;PF09335;PF00080;PF13454;PF09423;PF07510;PF03649;PF01169;PF13242;PF13419;PF00702;PF12710;PF06609;PF07690;PF06779;PF11700;PF00083;PF12832;PF13347;PF03992;PF03067;PF09594;PF14378;PF14360;PF12822;PF07155;PF13304;PF13481;PF00005;PF13191;PF03193;PF13555;PF02361;PF13249;PF00432;PF13243;PF00440;PF13439;PF13579;PF00534;PF13692;PF13524;PF02353;PF13489;PF07021;PF01209;PF13847;PF03848;PF03141;PF13649;PF08241;PF08242;PF01520;PF13578;PF02771;PF00441;PF08028;PF02770;PF08239;PF08239;PF07702;PF00392;PF13581;PF00174;PF01292;PF11139;PF07690;PF00083;PF00106;PF08659;PF13561;PF13452;PF01575;PF00102;PF01497
2	deepbgc	0.1.0	deepbgc	2_6374965-6379645.1	6374965	6379645	4680	5	12	3	0.51934	antibacterial	0.70	0.11	0.20	0.29	Polyketide	0.01	0.01	0.04	0.72	0.01	0.03	0.20	2_2_5424;2_2_5425;2_2_5426;2_2_5427;2_2_5428	PF08659;PF01370;PF00106	PF00484;PF01070;PF00478;PF01645;PF03060;PF02567;PF13561;PF00106;PF08643;PF08659;PF01370;PF13460
2	deepbgc	0.1.0	deepbgc	2_6381548-6447692.1	6381548	6447692	66144	55	129	12	0.82474		0.46	0.47	0.22	0.19		0.06	0.19	0.14	0.17	0.09	0.33	0.05	2_2_5430;2_2_5431;2_2_5432;2_2_5433;2_2_5434;2_2_5435;2_2_5436;2_2_5437;2_2_5438;2_2_5439;2_2_5440;2_2_5441;2_2_5442;2_2_5443;2_2_5444;2_2_5445;2_2_5446;2_2_5447;2_2_5448;2_2_5449;2_2_5450;2_2_5451;2_2_5452;2_2_5453;2_2_5454;2_2_5455;2_2_5456;2_2_5457;2_2_5458;2_2_5459;2_2_5460;2_2_5461;2_2_5462;2_2_5463;2_2_5464;2_2_5465;2_2_5466;2_2_5467;2_2_5468;2_2_5469;2_2_5470;2_2_5471;2_2_5472;2_2_5473;2_2_5474;2_2_5475;2_2_5476;2_2_5477;2_2_5478;2_2_5479;2_2_5480;2_2_5481;2_2_5482;2_2_5483;2_2_5484	PF01370;PF01488;PF04321;PF04820;PF01266;PF01494;PF00535;PF00248;PF00534;PF08241;PF02397;PF08242	PF07690;PF00083;PF06609;PF03137;PF00144;PF13354;PF09243;PF13649;PF02274;PF09250;PF13683;PF00665;PF13565;PF13011;PF13551;PF13518;PF13384;PF13489;PF08241;PF08242;PF13649;PF01066;PF07947;PF01467;PF13579;PF13439;PF00534;PF13692;PF07992;PF00070;PF01494;PF02558;PF00890;PF01266;PF13450;PF13439;PF13579;PF00534;PF13692;PF00535;PF13704;PF16363;PF01370;PF04321;PF04321;PF01370;PF16363;PF02397;PF00248;PF02463;PF00005;PF03193;PF13555;PF13304;PF13476;PF01032;PF00950;PF10003;PF10099;PF01497;PF04213;PF04213;PF01126;PF00557;PF12282;PF05977;PF07690;PF13347;PF02826;PF01488;PF07991;PF10727;PF03807;PF03446;PF02153;PF10099;PF02293;PF02163;PF14273;PF14273;PF00486;PF03704;PF13191;PF13401;PF13424;PF00515;PF07719;PF12698;PF12679;PF01061;PF13346;PF13732;PF13304;PF00005;PF13191;PF13555;PF02548;PF13714;PF07690;PF12832;PF00083;PF05977;PF13347;PF02796;PF00440;PF16859;PF03372;PF07690;PF06779;PF00083;PF02540;PF00795;PF01978;PF12840;PF12802;PF00196;PF05922;PF00082;PF04820;PF01494;PF01266;PF12831;PF07992;PF13450;PF00550;PF10518;PF01497;PF03951;PF00120
2	deepbgc	0.1.0	deepbgc	2_6462672-6471200.1	6462672	6471200	8528	6	9	2	0.62657		0.48	0.26	0.16	0.08		0.01	0.00	0.37	0.05	0.19	0.00	0.38	2_2_5496;2_2_5497;2_2_5498;2_2_5499;2_2_5500;2_2_5501	PF08242;PF08241	PF01425;PF05593;PF03527;PF13489;PF13847;PF13649;PF08241;PF08242;PF04149
2	deepbgc	0.1.0	deepbgc	2_6483396-6484698.1	6483396	6484698	1302	1	3	0	0.57643	antibacterial	0.88	0.06	0.16	0.25		0.00	0.09	0.07	0.38	0.21	0.03	0.27	2_2_5512		PF02518;PF07730;PF13796
2	deepbgc	0.1.0	deepbgc	2_6539091-6539694.1	6539091	6539694	603	1	6	2	0.56295		0.49	0.23	0.19	0.05		0.01	0.00	0.31	0.06	0.23	0.00	0.39	2_2_5557	PF08242;PF08241	PF13489;PF13847;PF08241;PF08242;PF13578;PF13649
2	deepbgc	0.1.0	deepbgc	2_6543273-6544982.1	6543273	6544982	1709	2	9	1	0.56026	antibacterial	0.74	0.05	0.18	0.17		0.06	0.02	0.42	0.16	0.24	0.02	0.09	2_2_5562;2_2_5563	PF00583	PF00072;PF08281;PF04545;PF00196;PF13936;PF13412;PF13673;PF13508;PF00583
2	deepbgc	0.1.0	deepbgc	2_6610720-6620683.1	6610720	6620683	9963	9	21	4	0.61715		0.36	0.46	0.23	0.04		0.02	0.07	0.20	0.14	0.30	0.02	0.26	2_2_5625;2_2_5626;2_2_5627;2_2_5628;2_2_5629;2_2_5630;2_2_5631;2_2_5632;2_2_5633	PF08241;PF01593;PF08242;PF01266	PF02219;PF01266;PF07992;PF01593;PF13450;PF16859;PF13022;PF00440;PF12698;PF12051;PF01061;PF00005;PF02475;PF13489;PF05401;PF01209;PF13847;PF13649;PF08242;PF08241;PF11239
2	deepbgc	0.1.0	deepbgc	2_6697692-6700441.1	6697692	6700441	2749	5	8	3	0.78411	antibacterial	0.72	0.13	0.19	0.23	Polyketide	0.01	0.02	0.06	0.87	0.02	0.00	0.03	2_2_5698;2_2_5699;2_2_5700;2_2_5701;2_2_5702	PF08659;PF01370;PF00106	PF04149;PF04149;PF04672;PF01370;PF13561;PF00106;PF08659;PF00440
2	deepbgc	0.1.0	deepbgc	2_6711601-6713924.1	6711601	6713924	2323	2	4	0	0.58050	antibacterial	0.58	0.05	0.10	0.18		0.00	0.05	0.47	0.13	0.19	0.02	0.17	2_2_5715;2_2_5716		PF03583;PF00326;PF16859;PF00440
2	deepbgc	0.1.0	deepbgc	2_6718110-6719550.1	6718110	6719550	1440	1	2	0	0.50854	antibacterial	0.76	0.04	0.15	0.43	Polyketide	0.01	0.00	0.04	0.90	0.00	0.01	0.05	2_2_5722		PF07690;PF05977
2	deepbgc	0.1.0	deepbgc	2_6760361-6763373.1	6760361	6763373	3012	3	5	1	0.57504	antibacterial	0.83	0.13	0.15	0.42	Polyketide	0.01	0.17	0.04	0.56	0.17	0.03	0.12	2_2_5756;2_2_5757;2_2_5758	PF01370	PF16483;PF05368;PF13460;PF01370;PF12867
2	deepbgc	0.1.0	deepbgc	2_6889728-6970283.1	6889728	6970283	80555	74	142	12	0.84505	antibacterial	0.60	0.30	0.17	0.17		0.04	0.20	0.23	0.16	0.17	0.24	0.01	2_2_5857;2_2_5858;2_2_5859;2_2_5860;2_2_5861;2_2_5862;2_2_5863;2_2_5864;2_2_5865;2_2_5866;2_2_5867;2_2_5868;2_2_5869;2_2_5870;2_2_5871;2_2_5872;2_2_5873;2_2_5874;2_2_5875;2_2_5876;2_2_5877;2_2_5878;2_2_5879;2_2_5880;2_2_5881;2_2_5882;2_2_5883;2_2_5884;2_2_5885;2_2_5886;2_2_5887;2_2_5888;2_2_5889;2_2_5890;2_2_5891;2_2_5892;2_2_5893;2_2_5894;2_2_5895;2_2_5896;2_2_5897;2_2_5898;2_2_5899;2_2_5900;2_2_5901;2_2_5902;2_2_5903;2_2_5904;2_2_5905;2_2_5906;2_2_5907;2_2_5908;2_2_5909;2_2_5910;2_2_5911;2_2_5912;2_2_5913;2_2_5914;2_2_5915;2_2_5916;2_2_5917;2_2_5918;2_2_5919;2_2_5920;2_2_5921;2_2_5922;2_2_5923;2_2_5924;2_2_5925;2_2_5926;2_2_5927;2_2_5928;2_2_5929;2_2_5930	PF01370;PF06339;PF00583;PF07993;PF04321;PF02719;PF00561;PF00202;PF00155;PF00171;PF00355;PF01041	PF11379;PF14397;PF15632;PF03301;PF13560;PF00860;PF00440;PF04149;PF04149;PF13560;PF01381;PF13581;PF09492;PF01182;PF10128;PF02781;PF00479;PF00923;PF02780;PF02779;PF00456;PF02775;PF01040;PF02628;PF12679;PF12698;PF01061;PF12730;PF02702;PF13304;PF00005;PF01022;PF12802;PF12840;PF13814;PF01047;PF01978;PF13412;PF08279;PF09339;PF03551;PF01458;PF01458;PF13806;PF00355;PF00005;PF13555;PF13481;PF00266;PF01041;PF01053;PF01592;PF01883;PF04672;PF07730;PF02518;PF13581;PF00072;PF08281;PF04545;PF00196;PF00893;PF00892;PF00440;PF13977;PF14789;PF14602;PF00196;PF05331;PF08281;PF04545;PF14493;PF13412;PF00072;PF02518;PF13581;PF07730;PF07264;PF03929;PF05685;PF00701;PF13458;PF03372;PF13191;PF13401;PF00196;PF08281;PF05922;PF00082;PF05787;PF02627;PF02342;PF00892;PF00440;PF16363;PF07993;PF01370;PF04321;PF01073;PF02719;PF13460;PF05368;PF00701;PF12146;PF12697;PF00561;PF02627;PF00440;PF00196;PF04545;PF08281;PF00072;PF07730;PF01614;PF01978;PF09339;PF00171;PF00266;PF05721;PF06339;PF12852;PF07883;PF00202;PF00155;PF13302;PF08445;PF00583;PF13673;PF13508;PF07969;PF01979;PF00155;PF01890;PF07685;PF01656;PF13500;PF02572;PF00092;PF05762;PF13519;PF07728;PF01078
2	deepbgc	0.1.0	deepbgc	2_6972023-6973136.1	6972023	6973136	1113	1	1	0	0.52366	antibacterial	0.87	0.06	0.17	0.26		0.00	0.09	0.07	0.33	0.21	0.03	0.32	2_2_5932		PF03186
2	deepbgc	0.1.0	deepbgc	2_6976424-6979794.1	6976424	6979794	3370	3	5	2	0.59992	antibacterial	0.69	0.05	0.12	0.34	NRP	0.00	0.52	0.14	0.20	0.07	0.03	0.06	2_2_5936;2_2_5937;2_2_5938	PF00903;PF00561	PF12146;PF00561;PF12697;PF08538;PF00903
2	deepbgc	0.1.0	deepbgc	2_7001965-7003207.1	7001965	7003207	1242	2	12	3	0.75080		0.44	0.34	0.26	0.05		0.01	0.10	0.14	0.19	0.24	0.00	0.33	2_2_5962;2_2_5963	PF08242;PF00107;PF08241	PF05724;PF05175;PF03848;PF13489;PF13847;PF09445;PF08241;PF08242;PF13649;PF00107;PF10604;PF08327
2	deepbgc	0.1.0	deepbgc	2_7003846-7005352.1	7003846	7005352	1506	1	2	0	0.50890	antibacterial	0.84	0.08	0.18	0.26		0.05	0.06	0.06	0.45	0.15	0.01	0.25	2_2_5965		PF00135;PF07859
2	deepbgc	0.1.0	deepbgc	2_7038807-7048871.1	7038807	7048871	10064	8	20	1	0.65270		0.10	0.02	0.08	0.05	Other	0.00	0.02	0.98	0.01	0.00	0.00	0.00	2_2_5994;2_2_5995;2_2_5996;2_2_5997;2_2_5998;2_2_5999;2_2_6000;2_2_6001	PF04183	PF13371;PF13432;PF13424;PF14559;PF06276;PF04183;PF13523;PF13302;PF07702;PF07992;PF13434;PF00282;PF01212;PF05889;PF00266;PF06245;PF13344;PF13242;PF04954;PF08021
2	deepbgc	0.1.0	deepbgc	2_7134518-7135742.1	7134518	7135742	1224	1	1	1	0.57056	antibacterial	0.81	0.07	0.17	0.43		0.01	0.02	0.02	0.50	0.42	0.00	0.06	2_2_6069	PF01494	PF01494
2	deepbgc	0.1.0	deepbgc	2_7157390-7159978.1	7157390	7159978	2588	3	7	2	0.54806	inhibitor	0.25	0.08	0.58	0.06	Polyketide	0.00	0.19	0.15	0.69	0.02	0.01	0.01	2_2_6091;2_2_6092;2_2_6093	PF00107;PF08240	PF08240;PF16912;PF00107;PF13602;PF02909;PF00440;PF00440
2	deepbgc	0.1.0	deepbgc	2_7229206-7236988.1	7229206	7236988	7782	10	16	1	0.63160	antibacterial	0.67	0.13	0.10	0.31		0.00	0.03	0.30	0.22	0.32	0.01	0.16	2_2_6158;2_2_6159;2_2_6160;2_2_6161;2_2_6162;2_2_6163;2_2_6164;2_2_6165;2_2_6166;2_2_6167	PF01636	PF07995;PF13581;PF13744;PF13560;PF12844;PF01381;PF04149;PF04149;PF01636;PF07366;PF12680;PF14534;PF10138;PF00092;PF13519;PF06259
2	deepbgc	0.1.0	deepbgc	2_7366419-7411239.1	7366419	7411239	44820	21	49	6	0.82775	cytotoxic	0.40	0.51	0.19	0.17	NRP	0.00	0.91	0.02	0.14	0.02	0.02	0.01	2_2_6285;2_2_6286;2_2_6287;2_2_6288;2_2_6289;2_2_6290;2_2_6291;2_2_6292;2_2_6293;2_2_6294;2_2_6295;2_2_6296;2_2_6297;2_2_6298;2_2_6299;2_2_6300;2_2_6301;2_2_6302;2_2_6303;2_2_6304;2_2_6305	PF00501;PF00668;PF08659;PF08241;PF08242;PF00106	PF01497;PF13191;PF00005;PF00664;PF00005;PF00664;PF07992;PF13434;PF00551;PF00148;PF13439;PF02911;PF13191;PF00005;PF13304;PF13555;PF13175;PF13476;PF09818;PF01032;PF01032;PF05401;PF13649;PF08241;PF00501;PF13489;PF00668;PF13193;PF00550;PF03621;PF01740;PF13466;PF00999;PF06081;PF13489;PF13847;PF08241;PF08242;PF13649;PF00440;PF07690;PF05977;PF11706;PF04143;PF01814;PF03861;PF00106;PF08659;PF13561
2	deepbgc	0.1.0	deepbgc	2_7415813-7420994.1	7415813	7420994	5181	5	13	0	0.61774	antibacterial	0.72	0.02	0.08	0.09	RiPP	0.00	0.03	0.09	0.05	0.82	0.00	0.01	2_2_6311;2_2_6312;2_2_6313;2_2_6314;2_2_6315		PF01979;PF07969;PF04299;PF08352;PF13401;PF13191;PF00005;PF03193;PF08352;PF13304;PF00005;PF13555;PF00528
2	deepbgc	0.1.0	deepbgc	2_7421928-7426422.1	7421928	7426422	4494	3	4	0	0.53753	antibacterial	0.78	0.07	0.17	0.26		0.00	0.09	0.23	0.24	0.20	0.03	0.26	2_2_6317;2_2_6318;2_2_6319		PF00246;PF00496;PF01047;PF13340
2	deepbgc	0.1.0	deepbgc	2_7431025-7431814.1	7431025	7431814	789	1	1	0	0.62192	antibacterial	0.86	0.06	0.17	0.24		0.00	0.09	0.08	0.34	0.20	0.03	0.32	2_2_6324		PF05721
2	deepbgc	0.1.0	deepbgc	2_7436133-7499625.1	7436133	7499625	63492	26	74	8	0.85864		0.46	0.40	0.25	0.16	NRP	0.01	0.73	0.10	0.12	0.04	0.03	0.06	2_2_6330;2_2_6331;2_2_6332;2_2_6333;2_2_6334;2_2_6335;2_2_6336;2_2_6337;2_2_6338;2_2_6339;2_2_6340;2_2_6341;2_2_6342;2_2_6343;2_2_6344;2_2_6345;2_2_6346;2_2_6347;2_2_6348;2_2_6349;2_2_6350;2_2_6351;2_2_6352;2_2_6353;2_2_6354;2_2_6355	PF00501;PF01593;PF01266;PF01494;PF00668;PF00975;PF00561;PF00171	PF07992;PF13738;PF13434;PF12831;PF01266;PF03486;PF13450;PF01494;PF07992;PF00743;PF13738;PF13450;PF13434;PF01266;PF03486;PF01593;PF13454;PF13593;PF01758;PF15033;PF12840;PF01022;PF01451;PF00884;PF16347;PF01909;PF13427;PF01497;PF00892;PF00126;PF03466;PF00392;PF13412;PF07729;PF12832;PF07690;PF00083;PF13193;PF00501;PF00196;PF04545;PF08281;PF13185;PF01590;PF00196;PF00072;PF00486;PF03704;PF13191;PF00931;PF13401;PF00501;PF13193;PF00550;PF00668;PF00501;PF13193;PF00550;PF00668;PF13193;PF00501;PF00550;PF00668;PF00668;PF13193;PF00550;PF00501;PF00975;PF00561;PF12697;PF03621;PF00696;PF01472;PF00171
2	deepbgc	0.1.0	deepbgc	2_7504383-7507534.1	7504383	7507534	3151	2	7	0	0.53554	antibacterial	0.75	0.04	0.10	0.10	RiPP	0.00	0.03	0.07	0.01	0.88	0.00	0.01	2_2_6360;2_2_6361		PF13191;PF00005;PF13555;PF00664;PF09339;PF12802;PF01614
2	deepbgc	0.1.0	deepbgc	2_7551222-7574032.1	7551222	7574032	22810	17	58	9	0.71537	cytotoxic	0.22	0.75	0.08	0.03	Terpene	0.05	0.13	0.10	0.02	0.09	0.03	0.61	2_2_6402;2_2_6403;2_2_6404;2_2_6405;2_2_6406;2_2_6407;2_2_6408;2_2_6409;2_2_6410;2_2_6411;2_2_6412;2_2_6413;2_2_6414;2_2_6415;2_2_6416;2_2_6417;2_2_6418	PF00501;PF00494;PF01593;PF00348;PF01266;PF01494;PF08241;PF08242;PF00355	PF02310;PF00501;PF14535;PF03308;PF13191;PF00931;PF13604;PF13245;PF00005;PF02492;PF00448;PF03266;PF13238;PF13555;PF03029;PF01642;PF02652;PF01923;PF00348;PF13738;PF01266;PF01494;PF01946;PF07992;PF03486;PF00070;PF12831;PF00890;PF01134;PF13450;PF01593;PF00494;PF00355;PF01593;PF01266;PF13450;PF07992;PF12831;PF03486;PF00890;PF00070;PF01134;PF01209;PF13489;PF13847;PF13578;PF08241;PF08242;PF13649;PF01135;PF05175;PF05834;PF13454;PF01266;PF00210;PF07748;PF01074;PF00528
2	deepbgc	0.1.0	deepbgc	2_7821350-7938077.1	7821350	7938077	116727	50	189	29	0.96028	antibacterial	0.68	0.37	0.04	0.14	Polyketide	0.00	0.10	0.01	0.95	0.00	0.21	0.00	2_2_6646;2_2_6647;2_2_6648;2_2_6649;2_2_6650;2_2_6651;2_2_6652;2_2_6653;2_2_6654;2_2_6655;2_2_6656;2_2_6657;2_2_6658;2_2_6659;2_2_6660;2_2_6661;2_2_6662;2_2_6663;2_2_6664;2_2_6665;2_2_6666;2_2_6667;2_2_6668;2_2_6669;2_2_6670;2_2_6671;2_2_6672;2_2_6673;2_2_6674;2_2_6675;2_2_6676;2_2_6677;2_2_6678;2_2_6679;2_2_6680;2_2_6681;2_2_6682;2_2_6683;2_2_6684;2_2_6685;2_2_6686;2_2_6687;2_2_6688;2_2_6689;2_2_6690;2_2_6691;2_2_6692;2_2_6693;2_2_6694;2_2_6695	PF00108;PF07993;PF00107;PF08421;PF00067;PF08659;PF00155;PF08541;PF00501;PF01266;PF01494;PF02801;PF08545;PF01408;PF08240;PF04321;PF02719;PF08990;PF00698;PF00106;PF00109;PF01370;PF04101;PF00483;PF00975;PF08484;PF08241;PF08242;PF01041	PF13560;PF01381;PF03779;PF01648;PF00196;PF04545;PF08281;PF13412;PF00072;PF06902;PF13459;PF13370;PF00067;PF03704;PF00486;PF12697;PF00975;PF03959;PF00657;PF13472;PF06500;PF00198;PF00550;PF08541;PF08545;PF00195;PF08392;PF00109;PF00108;PF01494;PF01266;PF07992;PF00070;PF13450;PF00550;PF08659;PF00106;PF00698;PF16197;PF02801;PF00109;PF00108;PF08990;PF00550;PF08659;PF14765;PF00698;PF16197;PF00108;PF00106;PF01370;PF02719;PF16363;PF02801;PF00109;PF08990;PF00550;PF08659;PF00106;PF01370;PF14765;PF00698;PF16197;PF02801;PF00109;PF00108;PF08659;PF00106;PF01370;PF02719;PF16363;PF14765;PF00698;PF02801;PF00109;PF00108;PF00550;PF16197;PF08990;PF00550;PF08659;PF00106;PF01370;PF13602;PF00107;PF08240;PF14765;PF00698;PF16197;PF02801;PF00109;PF00108;PF08990;PF00106;PF16197;PF02801;PF08659;PF02719;PF14765;PF00108;PF00550;PF01370;PF00698;PF00109;PF13561;PF00106;PF08659;PF01370;PF08484;PF13489;PF08241;PF08242;PF08421;PF01370;PF04321;PF13579;PF06722;PF00201;PF04101;PF06722;PF00201;PF13579;PF06722;PF00201;PF13579;PF06722;PF00201;PF13579;PF06722;PF00201;PF04101;PF00483;PF01128;PF12804;PF07959;PF00132;PF04321;PF02719;PF16363;PF01370;PF01073;PF07993;PF13460;PF13751;PF01609;PF05598;PF01041;PF00155;PF00266;PF01053;PF00501;PF05523;PF08541;PF08545;PF00550;PF08659;PF00106;PF14765;PF00698;PF16197;PF02801;PF00109;PF08541;PF08545;PF12679;PF12730;PF13304;PF00005;PF02687;PF12704;PF00005;PF13191;PF13304;PF00154;PF03193;PF13555;PF13476;PF07730;PF02518;PF09594;PF12698;PF01061;PF13304;PF00005;PF03559;PF01408;PF13191;PF00196;PF08281
